"Key","Value"
"Common_Button_GotIt","확인"
"Common_Button_Yes","예"
"Common_Button_No","아니오"
"HordeSelection_Label_Header","덱 선택하기"
"HordeSelection_Button_Edit","편집"
"HordeSelection_Button_Delete","삭제"
"HordeSelection_Button_Rename","이름 바꾸기"
"HordeSelection_Button_Build","덱 생성하기"
"HordeSelection_Popup_InfoDeleteLastDeck","지울 수 없습니다. 최소한 하나의 덱을 가지고 있어야 합니다."
"HordeSelection_Popup_ConfirmDeleteDeck","{DECK_NAME} 덱을 정말 지우시겠습니까?"
"HordeSelection_Spinner_DeletingDeck","덱을 지우고 있습니다 . . ."
"HordeEditing_Popup_ConfirmSaveProgress","지금까지 만든 것을 저장하시겠습니까?"
"HordeEditing_Button_Auto","자동"
"HordeEditing_Button_Filter","필터"
"HordeEditing_Button_Abilities","능력"
"HordeEditing_Input_Search","검색"
"HordeEditing_Button_Save","덱 저장하기"
"HordeEditing_Spinner_SavingDeck","덱을 저장하고 있습니다 . . ."
"ChampionSelection_Label_Header","새 덱 만들기"
"ChampionSkillSelection_Label_Header","챔피언 스킬을 선택하세요"
"ChampionSkillSelection_Label_NoSelected","선택된 스킬이 없습니다"
"ChampionSkillSelection_Label_SelectedAmount","{SELECTED_SKILL_AMOUNT}/{SKILLS_SLOT_AMOUNT} 선택됨"
"DeckRenaming_Label_Header","덱 이름을 입력하세요"
"DeckRenaming_Button_Save","저장"
"SideMenu_Button_Battle","배틀"
"SideMenu_Button_Shop","상점"
"SideMenu_Button_MyDecks","내 덱"
"SideMenu_Button_MyPacks","내 팩"
"SideMenu_Button_MyCards","내 카드"
"AreaBar_Button_Login","로그인"
"LoginPopup_Label_Email","이메일"
"LoginPopup_Placeholder_Email","이메일 주소..."
"LoginPopup_Label_Password","비밀번호"
"LoginPopup_Placeholder_Password","비밀번호..."
"LoginPopup_Button_NotRegistered","아직 등록하지 않으셨나요?"
"LoginPopup_Button_Login","로그인"
"LoginPopup_Button_ForgotPassword","비밀번호를 잊으셨나요?"
"LoginPopup_Popup_EnterEmailPassword","이메일과 비밀번호를 모두 입력하세요."
"RegisteringPopup_Label_MinutesAway","릴렌트리스를 플레이할 준비가 거의 다 됐습니다."
"RegisteringPopup_Label_Email","이메일"
"RegisteringPopup_Placeholder_Email","이메일 주소..."
"RegisteringPopup_Label_Password","비밀번호"
"RegisteringPopup_Placeholder_Password","비밀번호..."
"RegisteringPopup_Label_ConfirmPassword","비밀번호 확인"
"RegisteringPopup_Placeholder_ConfirmPassword","비밀번호 확인..."
"RegisteringPopup_Button_Register","등록하기"
"RegisteringPopup_Button_AlreadyRegistered","이미\n등록하셨나요?"
"ForgotPasswordPopup_Label_Header","비밀번호 초기화"
"ForgotPasswordPopup_Label_SubHeader","아레에 여러분의 이메일을 입력하세요.\n비밀번호 초기화를 위한 링크를 보내드릴 것입니다."
"ForgotPasswordPopup_Label_Email","이메일"
"ForgotPasswordPopup_Placeholder_Email","이메일 주소..."
"ForgotPasswordPopup_Button_Cancel","취소"
"ForgotPasswordPopup_Button_Send","전송"
"ForgotPasswordSendPopup_Label_Header","비밀번호 초기화 메일이 전송되었습니다."
"ForgotPasswordSendPopup_Label_Body01","사용자 계정의 이메일 주소로 메일을 보냈습니다.\n이메일을 확인하고 안내에 따라 비밀번호 초기화를 진행하십시오."
"ForgotPasswordSendPopup_Label_Body02","참고: 이메일이 보이지 않는 경우,\n스팸 폴더나 ""프로모션"" 탭을 확인해주세요."
"ForgotPasswordSendPopup_Button_GotIt","확인"
"LoginPopup_Popup_Validating","데이터 검증 및 수신 중..."
"MainMenuBattleMode_Button_Battle","배틀"
"MainMenuBattleMode_Button_ChangeMode","모드 변경"
"MainMenuBattleMode_Label_BattleMode_Solo","솔로"
"MainMenuBattleMode_Label_BattleMode_VS","VS\n캐주얼"
"GameModePopup_Label_Header","게임 모드"
"GameModePopup_Button_Solo","솔로"
"GameModePopup_Button_VS","VS"
"GameModePopup_Button_Tutorial","튜토리얼"
"MatchMakingPopup_Label_RegisteringToPool","PvP에 등록하는 중..."
"MatchMakingPopup_Label_WaitingPeriod","상대 찾는 중..."
"MatchMakingPopup_Label_FindingMatch","상대와 연결 중..."
"MatchMakingPopup_Label_AcceptingMatch","매치 디테일 확인 중..."
"MatchMakingPopup_Label_WaitingForOpponent","매치 디테일 확인 중..."
"MatchMakingPopup_Label_ConfirmingWithOpponent","매치 디테일 확인 중..."
"MatchMakingPopup_Label_Canceled","취소 중..."
"MatchMakingPopup_Button_Cancel","취소"
"StartTutorial_Label_Body","환영합니다! 시작을 위해 튜토리얼을 진행하시겠습니까?"
"SettingsPopup_Label_HeaderMain","설정"
"SettingsPopup_Label_HeaderAudio","소리"
"SettingsPopup_Label_HeaderVideo","비디오"
"SettingsPopup_Label_Music","배경음악"
"SettingsPopup_Label_Sounds","효과음"
"SettingsPopup_Label_Resolution","해상도"
"SettingsPopup_Label_ScreenMode","화면 모드"
"SettingsPopup_Button_Login","로그인"
"SettingsPopup_Button_Logout","로그아웃"
"SettingsPopup_Button_Help","도움말"
"SettingsPopup_Button_Credits","크레딧"
"SettingsPopup_Button_Support","고객센터"
"SettingsPopup_Button_QuitGame","게임 종료"
"SettingsPopup_Button_QuitBattle","대전을 종료하시겠습니까?"
"SettingsPopup_Popup_ConfirmLogout",""
"SettingsPopup_Popup_ConfirmHelp","게임 방법 페이지로 이동하시겠습니까?"
"SettingsPopup_Popup_ConfirmSupport","온라인 고객센터로 이동하시겠습니까?"
"ArmyPage_Label_Header","내 군대"
"ArmyPage_Button_Filter","필터"
"ArmyPage_Button_BuyPacks","더 많은 팩 구매하기"
"ArmyPage_Input_Search","검색"
"ArmyPage_Button_Marketplace","마켓플레이스"
"ArmyPage_Popup_ConfirmMarketplace","마켓플레이스 웹사이트로 이동하시겠습니까?"
"ShopPage_Label_Header","특별 프로모션"
"ShopPage_Label_Banner","신규 팩 할인!"
"PackOpener_Label_Header","내 팩"
"PackOpener_Label_PackToOpenAmount","{[PACK_AMOUNT_TO_OPEN]}팩[i2p_Zero]팩 없음[I2p_One]1팩"
"PackOpener_Button_Open","열기"
"PackOpener_Button_BuyPacks","더 많은 팩 구매하기"
"PackOpener_Button_Collect","받기"
"FilterCard_Label_Header","카드 필터링"
"FilterCard_Button_Save","저장"
"FilterCard_Button_SelectAll","모두 선택"
"FilterCard_Button_Element","속성"
"FilterCard_Button_Rarity","희귀성"
"FilterCard_Button_GooCost","GOO 비용"
"FilterDeck_Label_Header","덱 필터링"
"FilterDeck_Button_Save","저장"
"Mulligan_Button_Keep","가지기"
"Gameplay_Button_EndTurn","턴 종료"
"Gameplay_Popup_ConfirmQuit","정말 그만두시겠습니까?"
"Gameplay_Popup_YourTurn","나의 턴"
"WinLostPopup_Label_WinHeader","승리!"
"WinLostPopup_Label_LostHeader","패배!"
"WinLostPopup_Label_Level","레벨"
"WinLostPopup_Button_PlayAgain","다시 플레이하기"
"WinLostPopup_Button_Continue","메인 메뉴"
"LevelUp_Label_Header","레벨 업!"
"LevelUp_Label_RewardDisabled","{GAME_VERSION} 버전에서 보상은 활성화되지 않았습니다."
"LoadingPage_Message_Loading","로딩 중..."
"Handle_Error_General","뭔가 잘못됐습니다!\n다시 시도해주세요."
"Warning_DataManager_CardLibrary_Error","카드 라이브러리 데이터 불러오기 에러"
"Warning_DataManager_ChampionsData_Error","챔피언 데이터 불러오기 에러"
"Warning_DataManager_CardCollection_Error","카드 수집 데이터 불러오기 에러"
"Warning_DataManager_PlayerDecksData_Error","덱 불러오기 에러"
"Warning_DataManager_AIDecksData_Error","AI 상대 덱 불러오기 에러"
"Warning_DataManager_ChampionLeveling_Error","챔피언 레벨 데이터 불러오기 에러"
"Waning_OTP_Incorrect","인증 코드가 틀렸습니다. 다시 시도해주세요."
"Warning_ForgotPassword_InvalidEmail","유효한 이메일 주소를 입력해주세요."
"Warning_Register_EmptyEmailOrPassword","이메일과 비밀번호를 모두 입력하세요."
"Warning_Register_InvalidEmail","유효한 이메일 주소를 입력해주세요."
"Warning_Register_ConfirmPasswordNotMatch","비밀번호와 비밀번호 확인이 일치해야 합니다."
"Warning_Register_IncorrectEmailOrPassword","이메일 또는 비밀번호가 틀렸습니다. 다시 시도해주세요."
"Warning_Register_RequestError","등록 요청이 실패했습니다. 다시 시도해주세요."
"Warning_Register_EmailAlreadyUsed","이미 사용 중인 이메일입니다. 다른 이메일을 사용하거나 해당 계정으로 로그인해주세요."
"Warning_Login_EmptyEmailOrPassword","이메일과 비밀번호를 모두 입력하세요."
"Warning_Login_InvalidEmail","유효한 이메일 주소를 입력해주세요."
"Warning_Login_IncorrectEmailOrPassword","이메일 또는 비밀번호가 틀렸습니다. 다시 시도해주세요."
"Warning_Login_RequestError","로그인 요청이 실패했습니다. 다시 시도해주세요."
"Warning_Login_Unauthorized","이메일 또는 비밀번호가 틀렸습니다. 다시 시도해주세요."
"Warning_Login_ValidationFailed","로그인 정보를 확인에 실패했습니다. 게임을 재시작한 후 다시 시도해주세요."
"Warning_GameVersion_Mismatch","({LOCAL_VERSION}) 버전은 업데이트가 필요합니다. {REMOTE_VERSION} 버전을 다운로드 해주세요."
"Warning_Server_MaintenanceMode","서버에 대한 유지보수 작업 중입니다. 나중에 다시 시도해주세요."
"Warning_ServerConnection_Impossible","서버 연결이 만료되었습니다. 인터넷 연결을 확인한 후 다시 시도해주세요."
"Warning_ServerConnection_Failed","인터넷 연결을 확인한 후 다시 시도해주세요."
"Warning_SystemRequirement_NotSatisfy","사용 중인 기기가 최소 시스템 사양을 충족하지 않습니다. 계속 진행해도, 플레이에 어려움이 생기거나 플레이가 불가할 수도 있습니다."
"Warning_InternetConnection_Error","인터넷 연결을 확인한 후 다시 시도해주세요."
"Spinner_PackOpener_RetrievingCards","카드를 불러오는 중..."
"Warning_PackOpener_PackBalanceRequest_Error","뭔가 잘못됐습니다!\n다시 시도하시겠습니까?"
"Warning_PackOpener_RetrievingCards_Error","카드 불러오기에 실패했습니다.\n다시 시도해주세요."
"Warning_RankedGames_Disabled","{GAME_VERSION} 버전에서 랭크 게임은 비활성화되어 있습니다. 이 게임을 멋지게 만들어갈 수 있도록 도와주셔서 감사합니다!\n– Loom Team"
"Warning_FriendlyGames_Disabled","{GAME_VERSION} 버전에서 친선 게임은 비활성화되어 있습니다. 이 게임을 멋지게 만들어갈 수 있도록 도와주셔서 감사합니다!\n– Loom Team"
"Spinner_Shop_IAP","상점 초기화 중..."
"Spinner_Shop_InitStore","상점 초기화 중..."
"Spinner_Shop_ClaimPending","구매 활성화 중..."
"Spinner_Shop_InitiatedPurchase","구매 활성화 중..."
"Spinner_Shop_Purchasing","결제 처리 중..."
"Spinner_Shop_RequestFiatValidation","결제 처리 중..."
"Spinner_Shop_RequestFiatTransaction","상품 가져오는 중..."
"Spinner_Shop_RequestPack","상품 가져오는 중..."
"Spinner_Shop_RequestFiatClaim","상품 가져오는 중..."
"Warning_Shop_ClaimPending_Failed","구매 진행 중 문제가 발생했습니다.\n다시 시도해주세요."
"Warning_Shop_InitStore_Failed","상점 초기화에 실패했습니다.\n다시 시도해주세요."
"Warning_Shop_RequestPack_Success","성공적으로 구매했습니다! ""내 팩""으로 가서 받은 상품을 확인하세요."
"Warning_Shop_Purchasing_Failed","구매를 처리하는 중 문제가 발생했습니다.\n다시 시도해주세요."
"Warning_HordeSelection_SearchDeck_NotFound","검색 조건에 해당하는 덱이 없습니다."
"Warning_HordeSelection_MaxDeck","한 번에 {MAX_DECKS}덱 이상을 가질 수 없습니다. 1개 이상의 덱을 삭제한 후 다시 시도해주세요."
"Warning_HordeEditing_AddDeck_Failed","뭔가 잘못됐습니다!\n다시 시도해주세요."
"Warning_HordeEditing_AddCard_AgainstChampionFaction","플레이어의 챔피언이 취약한 속성은 추가할 수 없습니다."
"Warning_HordeEditing_AddCard_NotEnough","해당 카드를 충분히 가지고 있지 않습니다. 카드를 더 가지려면 팩을 구매하거나 얻으세요."
"Warning_HordeEditing_AddCard_RankMaxOut","하나의 덱에 {CARD_RANK} 카드를 {MAX_COPIES}개 이상 가질 수 없습니다."
"Warning_HordeEditing_AddCard_MaxDeckSize","하나의 덱에 카드를 {MAX_DECK_SIZE}개 이상 가질 수 없습니다."
"Warning_HordeEditing_AddDeck_Error","덱을 추가할 수 없습니다."
"Warning_HordeEditing_EditDeck_Error","덱을 수정할 수 없습니다."
"Warning_HordeEditing_DeleteDeck_Error","덱을 지울 수 없습니다."
"Warning_HordeEditing_DeckName_Empty","덱을 저장하려면 반드시 이름을 입력해야 합니다."
"Warning_HordeEditing_DeckName_Exist","이미 존재하는 덱 이름입니다."
"GameData_BattleFlavor_0","Filling up goo bottles"
"GameData_BattleFlavor_1","Shuffling cards"
"GameData_BattleFlavor_2","Mopping battleground"
"GameData_BattleFlavor_3","Checking cables"
"GameData_BattleFlavor_4","Prepping elements"
"GameData_BattleFlavor_5","Waking Champions"
"GameData_BattleFlavor_6","Doing warm-ups"
"GameData_BattleFlavor_7","Hydrating creatures"
"GameData_BattleFlavor_8","Positioning creatures"
"GameData_BattleFlavor_9","Hyping crowds"
"GameData_BattleFlavor_10","Sharpening claws"
"GameData_BattleFlavor_11","Yelling out battle cries"
"GameData_BuffsToolTip_Feral","이 크리처는 플레이에 들어갈 때 공격을 할 수 있습니다."
"GameData_BuffsToolTip_Heavy","적들은 이 크리처를 반드시 먼저 공격해야 한다."
"GameData_BuffsToolTip_Entry","이 크리처가 플레이에 들어갈 때 능력이 활성화됩니다."
"GameData_BuffsToolTip_Death","이 크리처가 죽을 때 능력이 활성화됩니다."
"GameData_BuffsToolTip_Attack","이 크리처가 공격할 때 능력이 활성화됩니다."
"GameData_BuffsToolTip_Freeze","얼어붙은 크리처들은 다음 번에 공격할 수 없습니다."
"GameData_BuffsToolTip_Flash","이 크리처는 한 턴에 두 번 공격할 수 있습니다."
"GameData_BuffsToolTip_Destroy","죽으면 크리처들이 공격을 받고 데미지를 입는다."
"GameData_BuffsToolTip_Distract","이성을 잃은 크리처들은 그들의 능력, 효과, 버프를 모두 잃습니다."
"GameData_BuffsToolTip_Swing","대상에 인접한 크리처들에 X 데미지를 입힌다."
"GameData_BuffsToolTip_Rage","이 크리처가 플레이 중에 데미지를 입으면 능력이 활성화된다."
"GameData_BuffsToolTip_Delayed","플레이어의 다음 턴이 시작하면 능력이 활성화됩니다."
"GameData_BuffsToolTip_Turn","플레이 중 매 플레이어의 턴이 시작할 때마다 능력이 활성화됩니다."
"GameData_BuffsToolTip_End","플레이 중 매 플레이어의 턴이 끝날 때마다 능력이 활성화됩니다."
"GameData_BuffsToolTip_Overflow","이번 턴에만 X Goo를 최대치 이상으로 가진다."
"GameData_BuffsToolTip_Guard","다음에 받는 공격의 모든 데미지를 무시하며, 이후 이 능력은 사라진다."
"GameData_BuffsToolTip_Devour","크리처를 죽이면 해당 크리처의 공격력 및(또는) 방어력을 얻는다"
"GameData_BuffsToolTip_Shatter","얼어있는 적들에게 +X 데미지를 입힌다"
"GameData_BuffsToolTip_Reanimate","이 크리처는 죽으면 다시 소환되며, 이후 능력이 사라진다."
"GameData_BuffsToolTip_Restore","데미지를 입은 크리처가 최대 방어력을 회복하게 한다."
"GameData_BuffsToolTip_Blitz","전장에 진입 시 크리처를 공격할 수 있다."
"GameData_Champion_Name_0","Brakuus"
"GameData_Champion_ShortDescription_0","The Guardian"
"GameData_ChampionSkill_Title_0","Harden"
"GameData_ChampionSkill_Description_0","플레이어의 챔피언에게 방어력 2를 더한다."
"GameData_ChampionSkill_Title_1","Stoneskin"
"GameData_ChampionSkill_Description_1","아군 땅 속성 크리처에 방어력 1을 더한다."
"GameData_ChampionSkill_Title_2","Fortify"
"GameData_ChampionSkill_Description_2","아군 땅 속성 크리처에 헤비 능력을 부여한다."
"GameData_ChampionSkill_Title_3","Phalanx"
"GameData_ChampionSkill_Description_3","모든 아군 땅 속성 크리처에 방어력 1을 더한다."
"GameData_ChampionSkill_Title_4","Fortress"
"GameData_ChampionSkill_Description_4","임의의 아군 땅 속성 크리처 2기에 헤비 능력을 부여한다."
"GameData_Champion_Name_1","Razu"
"GameData_Champion_ShortDescription_1","The Fire Daemon"
"GameData_ChampionSkill_Title_5","Fire Bolt"
"GameData_ChampionSkill_Description_5","대상에 데미지 1을 입힌다."
"GameData_ChampionSkill_Title_6","Rabies"
"GameData_ChampionSkill_Description_6","아군 불 속성 크리처에 야생 능력을 부여한다."
"GameData_ChampionSkill_Title_7","Fireball"
"GameData_ChampionSkill_Description_7","대상에 데미지 2를 입힌다."
"GameData_ChampionSkill_Title_8","Mass Rabies"
"GameData_ChampionSkill_Description_8","임의의 아군 불 속성 크리처 2기에 야생 능력을 부여한다."
"GameData_ChampionSkill_Title_9","Meteor Shower"
"GameData_ChampionSkill_Description_9","모든 크리처에 데미지 2를 입힌다."
"GameData_Champion_Name_2","Vash'Kala"
"GameData_Champion_ShortDescription_2","고대의 존재"
"GameData_ChampionSkill_Title_10","Freeze"
"GameData_ChampionSkill_Description_10","크리처를 얼린다"
"GameData_ChampionSkill_Title_11","Ice Bolt"
"GameData_ChampionSkill_Description_11","대상 크리처에 2 데미지를 입히고, 살아남으면 해당 크리처를 얼린다."
"GameData_ChampionSkill_Title_12","Ice Wall"
"GameData_ChampionSkill_Description_12","대상 물 속성 크리처 또는 플레이어의 챔피언에 방어력 2를 더한다."
"GameData_ChampionSkill_Title_13","Shatter"
"GameData_ChampionSkill_Description_13","얼어있는 적 크리처를 파괴한다."
"GameData_ChampionSkill_Title_14","Blizzard"
"GameData_ChampionSkill_Description_14","임의의 적 크리처 2기를 얼린다."
"GameData_Champion_Name_3","Kalile"
"GameData_Champion_ShortDescription_3","Tempest of Storms"
"GameData_ChampionSkill_Title_15","Push"
"GameData_ChampionSkill_Description_15","남은 Goo를 사용하여 동일 비용의, 또는 더 저렴한 크리처 1기를 주인의 손으로 돌려보낸다."
"GameData_ChampionSkill_Title_16","Draw"
"GameData_ChampionSkill_Description_16","카드를 뽑는다."
"GameData_ChampionSkill_Title_17","Wind Shield"
"GameData_ChampionSkill_Description_17","임의의 아군 공기 속성 크리처에 보호 능력을 부여한다."
"GameData_ChampionSkill_Title_18","Levitate"
"GameData_ChampionSkill_Description_18","플레이어의 손에 있는 임의의 카드의 비용을 1만큼 줄인다."
"GameData_ChampionSkill_Title_19","Retreat"
"GameData_ChampionSkill_Description_19","모든 크리처들을 소유자들의 손으로 돌려보낸다."
"GameData_Champion_Name_4","Mhalik"
"GameData_Champion_ShortDescription_4","Lord of Pestilence"
"GameData_ChampionSkill_Title_20","Poison Dart"
"GameData_ChampionSkill_Description_20","적 1기에 데미지 1을 입힌다."
"GameData_ChampionSkill_Title_21","Toxic Power"
"GameData_ChampionSkill_Description_21","아군 독 크리처에 1 데미지를 입히고 공격력을 1 더한다."
"GameData_ChampionSkill_Title_22","Breakout"
"GameData_ChampionSkill_Description_22","임의의 적 5기에 데미지 1을 입힌다."
"GameData_ChampionSkill_Title_23","Infect"
"GameData_ChampionSkill_Description_23","아군 독 속성 크리처를 하나 파괴하고, 해당 크리처의 공격력만큼 임의의 적 크리처에 데미지를 입힌다."
"GameData_ChampionSkill_Title_24","Epidemic"
"GameData_ChampionSkill_Description_24","독 속성 크리처 2기를 파괴하고, 그들의 공격력만큼 적 크리처 2기에 데미지를 입힌다."
"GameData_Champion_Name_5","Valash"
"GameData_Champion_ShortDescription_5","Nature's Warden"
"GameData_ChampionSkill_Title_25","Healing Touch"
"GameData_ChampionSkill_Description_25","아군 크리처의 방어력을 2만큼 회복한다."
"GameData_ChampionSkill_Title_26","Mend"
"GameData_ChampionSkill_Description_26","플레이어의 챔피언의 방어력을 2만큼 회복한다."
"GameData_ChampionSkill_Title_27","Resurrect"
"GameData_ChampionSkill_Description_27","Goo 비용이 3인 임의의 아군 생명 속성 크리처를 소생시킨다."
"GameData_ChampionSkill_Title_28","Enhance"
"GameData_ChampionSkill_Description_28","모든 아군 생명 속성 크리처와 플레이어의 챔피언에 방어력을 2만큼 회복시킨다."
"GameData_ChampionSkill_Title_29","Reanimate"
"GameData_ChampionSkill_Description_29","임의의 아군 생명 속성 크리처 2기를 소생시킨다."
"GameData_Cards_Name_1","위즈퍼"
"GameData_Cards_Name_2","게일"
"GameData_Cards_Name_5","로키"
"GameData_Cards_Name_10","방화광"
"GameData_Cards_Name_19","아주라즈"
"GameData_Cards_Name_33","마인드 플레이어"
"GameData_Cards_Name_34","위지"
"GameData_Cards_Name_62","블라즈터"
"GameData_Cards_Name_73","그로우어"
"GameData_Cards_Name_82","아자진"
"GameData_Cards_Name_105","즈파키"
"GameData_Cards_Name_106","엠버"
"GameData_Cards_Name_113","소화기"
"GameData_Cards_Name_101","즐랩"
"GameData_Cards_Name_118","속박"
"GameData_Cards_Name_119","불도저"
"GameData_Cards_Name_121","즈플릿"
"GameData_Cards_Name_127","외형질"
"GameData_Cards_Name_141","맬즈트롬"
"GameData_Cards_Name_151","해저드"
"GameData_Cards_Name_115","삽"
"GameData_Cards_Name_249","Harpoon"
"GameData_Cards_Name_154","붐스틱"
"GameData_Cards_Name_57","크럼즈"
"GameData_Cards_Name_76","에버라즈팅"
"GameData_Cards_Name_68","호루라기"
"GameData_Cards_Name_11","연소"
"GameData_Cards_Name_12","깜부기불"
"GameData_Cards_Name_13","가간투아"
"GameData_Cards_Name_14","파이어모"
"GameData_Cards_Name_15","스테이플러"
"GameData_Cards_Name_16","못 폭탄"
"GameData_Cards_Name_17","Goo 병"
"GameData_Cards_Name_123","바크"
"GameData_Cards_Name_67","잼피언"
"GameData_Cards_Name_24","포이즌"
"GameData_Cards_Name_25","구울"
"GameData_Cards_Name_28","아이스"
"GameData_Cards_Name_98","블로커"
"GameData_Cards_Name_31","쯔나미"
"GameData_Cards_Name_116","카트"
"GameData_Cards_Name_50","주드세이어"
"GameData_Cards_Name_44","저커"
"GameData_Cards_Name_59","즈파이크"
"GameData_Cards_Name_3","폭풍술사"
"GameData_Cards_Name_4","제우즈"
"GameData_Cards_Name_7","바위"
"GameData_Cards_Name_138","아이시클"
"GameData_Cards_Name_26","해즈맷"
"GameData_Cards_Name_30","프리지"
"GameData_Cards_Name_37","세르베루즈"
"GameData_Cards_Name_64","Rabiez"
"GameData_Cards_Name_74","프리저버"
"GameData_Cards_Name_142","퓸즈"
"GameData_Cards_Name_81","즈쿠어"
"GameData_Cards_Name_87","프로즌"
"GameData_Cards_Name_239","Zky"
"GameData_Cards_Name_240","Zonic"
"GameData_Cards_Name_241","Zwoop"
"GameData_Cards_Name_108","버즈트"
"GameData_Cards_Name_120","위즈프"
"GameData_Cards_Name_242","Duzt"
"GameData_Cards_Name_6","골렘"
"GameData_Cards_Name_244","Zolid"
"GameData_Cards_Name_246","Flare"
"GameData_Cards_Name_247","Hot"
"GameData_Cards_Name_248","Bazooka"
"GameData_Cards_Name_250","Huzk"
"GameData_Cards_Name_251","Wood"
"GameData_Cards_Name_252","Trunk"
"GameData_Cards_Name_253","Gloop"
"GameData_Cards_Name_254","Bane"
"GameData_Cards_Name_255","Ztink"
"GameData_Cards_Name_256","Brook"
"GameData_Cards_Name_21","바인드롬"
"GameData_Cards_Name_132","구질라"
"GameData_Cards_Name_39","몰로토프"
"GameData_Cards_Name_136","이글루"
"GameData_Cards_Name_49","즈노우맨"
"GameData_Cards_Name_65","즐링어"
"GameData_Cards_Name_88","즐라이더"
"GameData_Cards_Name_8","돌산"
"GameData_Cards_Name_9","돌벽"
"GameData_Cards_Name_18","전기톱"
"GameData_Cards_Name_22","샤먼"
"GameData_Cards_Name_23","파퍼"
"GameData_Cards_Name_27","체르노빌"
"GameData_Cards_Name_29","제터"
"GameData_Cards_Name_32","바운서"
"GameData_Cards_Name_35","타이니"
"GameData_Cards_Name_36","어스쉐이커"
"GameData_Cards_Name_38","웨어좀"
"GameData_Cards_Name_42","Z-바이러스"
"GameData_Cards_Name_43","이그드라질"
"GameData_Cards_Name_45","키퍼"
"GameData_Cards_Name_46","즈피터"
"GameData_Cards_Name_47","지터"
"GameData_Cards_Name_48","재터러"
"GameData_Cards_Name_61","이그니어즈"
"GameData_Cards_Name_70","Goo 비커"
"GameData_Cards_Name_75","블루머"
"GameData_Cards_Name_85","즐러지"
"GameData_Cards_Name_90","블리자드"
"GameData_Cards_Name_94","즈톰몽크"
"GameData_Cards_Name_96","드래프트"
"GameData_Cards_Name_97","몬준"
"GameData_Cards_Name_103","파이라이트"
"GameData_Cards_Name_104","가이아"
"GameData_Cards_Name_117","생고기"
"GameData_Cards_Name_143","가즈"
"GameData_Cards_Name_145","크레이터"
"GameData_Cards_Name_146","쿼지"
"GameData_Cards_Name_148","잽"
"GameData_Cards_Name_149","캑터즈"
"GameData_Cards_Name_150","젭틱"
"GameData_Cards_Name_152","오즈모지즈"
"GameData_Cards_Name_153","게이저"
"GameData_Cards_Name_133","즈노이"
"GameData_Cards_Name_128","웨이즈트"
"GameData_Cards_Name_134","석순"
"GameData_Cards_Name_139","동상"
"GameData_Cards_Name_122","앰버"
"GameData_Cards_Name_126","세균"
"GameData_Cards_Name_91","브리지"
"GameData_Cards_Name_93","자커"
"GameData_Cards_Name_79","즐라이미"
"GameData_Cards_Name_54","제퍼"
"GameData_Cards_Name_40","뱃"
"GameData_Cards_Name_41","수퍼 세럼"
"GameData_Cards_Name_51","버퍼"
"GameData_Cards_Name_52","위퍼"
"GameData_Cards_Name_53","드래거"
"GameData_Cards_Name_55","자이클론"
"GameData_Cards_Name_56","페블"
"GameData_Cards_Name_58","프로텍터"
"GameData_Cards_Name_60","디펜더"
"GameData_Cards_Name_66","인레이저"
"GameData_Cards_Name_69","보급품 투하"
"GameData_Cards_Name_71","정크 스피어"
"GameData_Cards_Name_72","Z-키트"
"GameData_Cards_Name_77","플랜터"
"GameData_Cards_Name_80","즈캐빈저"
"GameData_Cards_Name_83","언다잉"
"GameData_Cards_Name_144","핏"
"GameData_Cards_Name_89","저브 제로"
"GameData_Cards_Name_102","그라운디"
"GameData_Cards_Name_109","레이저"
"GameData_Cards_Name_110","알파"
"GameData_Cards_Name_111","볼칸"
"GameData_Cards_Name_112","횃불"
"GameData_Cards_Name_124","지더"
"GameData_Cards_Name_125","블라이트"
"GameData_Cards_Name_129","즐로퍼"
"GameData_Cards_Name_130","부머"
"GameData_Cards_Name_131","즈테로이드"
"GameData_Cards_Name_135","소용돌이"
"GameData_Cards_Name_140","즈프링"
"GameData_Cards_Name_137","즈플래시"
"GameData_Cards_Name_100","하디"
"GameData_Cards_Name_84","폴루터"
"GameData_Cards_Name_63","파이어콜러"
"GameData_Cards_Name_147","모도"
"GameData_Cards_Name_95","즈콜"
"GameData_Cards_Name_92","밴쉬"
"GameData_Cards_Name_20","시룸"
"GameData_Cards_Name_78","레인즈"
"GameData_Cards_Name_99","셰일"
"GameData_Cards_Name_107","파이어월"
"GameData_Cards_Name_86","호저"
"GameData_Cards_Name_114","잔디깎이"
"GameData_Cards_Name_243","Rubble"
"GameData_Cards_Name_257","Zteam"
"GameData_Cards_FlavorText_1","The unfriendly ghost..."
"GameData_Cards_FlavorText_2","Like any adolescent child that wishes you to leave him be... so GO AWAY!!"
"GameData_Cards_FlavorText_5","Addriaaannn!!! Addriaaaaaannnnn!!!"
"GameData_Cards_FlavorText_10","He's really into that old Prodigy song... Firestarter..."
"GameData_Cards_FlavorText_19","Beeee yourself!"
"GameData_Cards_FlavorText_33","Resistance is futile --- and we have Zushi"
"GameData_Cards_FlavorText_34","Ommmmmmmmmmm"
"GameData_Cards_FlavorText_62","Dodgeball anyone?"
"GameData_Cards_FlavorText_73","That's the fifth arm he's lost today."
"GameData_Cards_FlavorText_82","From the Shadowzzzz"
"GameData_Cards_FlavorText_105","Hermes has NOTHING on him"
"GameData_Cards_FlavorText_106","Makes every BBQ a hoot!"
"GameData_Cards_FlavorText_113","Psssshhhhhhhhhhh"
"GameData_Cards_FlavorText_101","Supressing all those emotions does have its price..."
"GameData_Cards_FlavorText_118","No more BRAINZZZZZ"
"GameData_Cards_FlavorText_119","When you REALLY want to level (with) someone"
"GameData_Cards_FlavorText_121","Out, OUT...GET OUT!!!"
"GameData_Cards_FlavorText_127","Wha'ch yu lookin at' ?!"
"GameData_Cards_FlavorText_141","Sometimes pukes a little in his mouth from all the spinning, but keeps a scary face!"
"GameData_Cards_FlavorText_151","Almost reached the Goo-Anonymous meeting - almost..."
"GameData_Cards_FlavorText_115","Friendly neighborhood shovel!"
"GameData_Cards_FlavorText_249","Great against legendary sea creatures"
"GameData_Cards_FlavorText_154","Thank you for your service!"
"GameData_Cards_FlavorText_57","Time is our greatest adversary"
"GameData_Cards_FlavorText_76","Guess who's back?"
"GameData_Cards_FlavorText_68","Get over here, STAT!"
"GameData_Cards_FlavorText_11","So he likes all the pretty bright colors, can you blame him?"
"GameData_Cards_FlavorText_12","Hot, so very hot - all the time!"
"GameData_Cards_FlavorText_13","(sing) Under pressure... coming down on you..."
"GameData_Cards_FlavorText_14","There's always an aftershock, duck twice"
"GameData_Cards_FlavorText_15","No pain, no gain."
"GameData_Cards_FlavorText_16","When you really want to nail it!"
"GameData_Cards_FlavorText_17","Adding more goo to an already overly-goo-ed party is just too goo-d!"
"GameData_Cards_FlavorText_123","Worse than its bite!"
"GameData_Cards_FlavorText_67","I AM THE CHAMPION - my friend!! ME - ONLY ME!!!"
"GameData_Cards_FlavorText_24","Just like any frat boy, after the Friday night bash - bloated, gassy, puking and generally unpleasant to be around..."
"GameData_Cards_FlavorText_25","Being dead has its perks, but in this case time and humidity has not been kind - the rotting flesh is literally sapping off the bone on this one."
"GameData_Cards_FlavorText_28","It would be a-lot Izzier if you just stay put!"
"GameData_Cards_FlavorText_98","Just a few more moments..."
"GameData_Cards_FlavorText_31","Bringing a nice, big shower, cleaning an entire city at a time."
"GameData_Cards_FlavorText_116","Silly fun times... until someone loses an eye or a head!"
"GameData_Cards_FlavorText_50","Almost as good as a fortune cookie... minus the cookie"
"GameData_Cards_FlavorText_44","Hungry, always so very hungry"
"GameData_Cards_FlavorText_59","Standing really still... maybe they won't notice"
"GameData_Cards_FlavorText_3","Thor's best student just got a little angrier..."
"GameData_Cards_FlavorText_4","From mount Zolympus in the sky - fear Ze-might of ZeuZ!"
"GameData_Cards_FlavorText_7","One more step, just one more step!"
"GameData_Cards_FlavorText_138","He just looooves his icy skewer"
"GameData_Cards_FlavorText_26","Being cooped up inside a plastic suit is no fun - now multiple this by 1,000 with all the extra gases, something's gotta give..."
"GameData_Cards_FlavorText_30","How he loves decorating with ice sculptures... Everywhere!"
"GameData_Cards_FlavorText_37","It's ALWAYS a party of three."
"GameData_Cards_FlavorText_64","Red eyes - check! Foam in mouth - check! Shaking - check! Here, take an advil."
"GameData_Cards_FlavorText_74","Need a hand?"
"GameData_Cards_FlavorText_142","RAZENGAAAAAAAA!!!"
"GameData_Cards_FlavorText_81","Come closer... it's never too close"
"GameData_Cards_FlavorText_87","When grabbed - sing: ""let it go, let it go.."""
"GameData_Cards_FlavorText_239","Up, up, and away!"
"GameData_Cards_FlavorText_240","Yells so loud, nobody wants to come near it"
"GameData_Cards_FlavorText_241","Likes to kill-steal"
"GameData_Cards_FlavorText_108","Some just like it hot!"
"GameData_Cards_FlavorText_120","Zeeee... peski littl-- oh its you?!"
"GameData_Cards_FlavorText_242","To dust you shall return!"
"GameData_Cards_FlavorText_6","mmMMWhaaaaat?"
"GameData_Cards_FlavorText_244","What happens when an unstoppable force meets an immovable object?"
"GameData_Cards_FlavorText_246","Ready, get set... Go!"
"GameData_Cards_FlavorText_247","Just as it says on the tin"
"GameData_Cards_FlavorText_248","When you need a little extra firepower"
"GameData_Cards_FlavorText_250","An empty shell of what it was"
"GameData_Cards_FlavorText_251","Make like a tree -- and leave!"
"GameData_Cards_FlavorText_252","If a tree falls in a forest and no one is around to hear it, does it make a sound?"
"GameData_Cards_FlavorText_253","Blub...blub...blub"
"GameData_Cards_FlavorText_254","Occasionally can't tell friend from foe"
"GameData_Cards_FlavorText_255","Can't figure out why it's got no friends"
"GameData_Cards_FlavorText_256","All tidal waves must start from a single drop"
"GameData_Cards_FlavorText_21","BDSM much?!"
"GameData_Cards_FlavorText_132","More, more, MORE GOO! Bring me ALL the GOO"
"GameData_Cards_FlavorText_39","Not suitable for n00bs and lightweights"
"GameData_Cards_FlavorText_136","The cold never bothered him anyway"
"GameData_Cards_FlavorText_49","Maybe the snow does have some magical power?! But not yellow snow..."
"GameData_Cards_FlavorText_65","Ohhh snap!! He got'cha good"
"GameData_Cards_FlavorText_88","Loves skating so so much!"
"GameData_Cards_FlavorText_8","When the mountain comes to you... you'll run!"
"GameData_Cards_FlavorText_9","Eeeeeeva"
"GameData_Cards_FlavorText_18","Cutting through flesh, bone and even steel, it's easy to see why this is a fan-favorite!"
"GameData_Cards_FlavorText_22","Dancing around a fire alone is a hoot, but bringing all your dead friends to join is a party!"
"GameData_Cards_FlavorText_23","All the pretty pretty flowers"
"GameData_Cards_FlavorText_27","Lumbering around in a world made of butter gets old real fast, maybe that's why he's sooo angry!"
"GameData_Cards_FlavorText_29","Most welcomed during hot summer days on the busy city streets."
"GameData_Cards_FlavorText_32","From a young age he just loves to bounce things - especially rocks... on other rocks..."
"GameData_Cards_FlavorText_35","Cooookie... just one more cooookie..."
"GameData_Cards_FlavorText_36","Will break ALL your WALLS!!"
"GameData_Cards_FlavorText_38","Stop, stop, stop, shh-shh, you'll cause a howl"
"GameData_Cards_FlavorText_42","There ain't no party like a Z-Virus party!"
"GameData_Cards_FlavorText_43","In this case, lots of strings attached!!"
"GameData_Cards_FlavorText_45","They are usually such lovely beasts..."
"GameData_Cards_FlavorText_46","Llama in my living room... bam ba balalam babam ba ba..."
"GameData_Cards_FlavorText_47","Nam, naam nam nam namm nam..."
"GameData_Cards_FlavorText_48","So the other day Gargantua asked for a toothpick.. and it needs to be really cold to actually work..."
"GameData_Cards_FlavorText_61","Mmmm, nothing like the smell of fresh cinder and ash in the morning"
"GameData_Cards_FlavorText_70","So much goo, so little space"
"GameData_Cards_FlavorText_75","Fertilizing the flowers on an hourly basis"
"GameData_Cards_FlavorText_85","Bring it, bring It, BRING IT ON!!!"
"GameData_Cards_FlavorText_90","If you can't join them, FREEZE them!"
"GameData_Cards_FlavorText_94","Just be a good sentinel and -"
"GameData_Cards_FlavorText_96","Not your father... hopefully"
"GameData_Cards_FlavorText_97","Shock therapy does work wonders"
"GameData_Cards_FlavorText_103","Angry enough to go though a WALL!"
"GameData_Cards_FlavorText_104","Either super charismatic, or super scary... or both."
"GameData_Cards_FlavorText_117","As if they died again and went to creature heaven"
"GameData_Cards_FlavorText_143","No, no, no no, not a hamster, not a hamster ball...."
"GameData_Cards_FlavorText_145","Try to veer from his major crater issues... it may goo deeeeep"
"GameData_Cards_FlavorText_146","Has a great fascination with church bells..."
"GameData_Cards_FlavorText_148","Can't get enough of that goo, ever"
"GameData_Cards_FlavorText_149","And so he walked the desert for 40 years, only to find he's been walking in circles...."
"GameData_Cards_FlavorText_150","After four steps he gave up on the straight line and started puking"
"GameData_Cards_FlavorText_152","He always loved to tell a goo story"
"GameData_Cards_FlavorText_153","Not in the mood for dancing..."
"GameData_Cards_FlavorText_133","eeeehhehehehe"
"GameData_Cards_FlavorText_128","Smells like goo spirit"
"GameData_Cards_FlavorText_134","He remembers the north"
"GameData_Cards_FlavorText_139","He's been trying to get out for a millennia - thank you global warming!!"
"GameData_Cards_FlavorText_122","Literally a walking museum"
"GameData_Cards_FlavorText_126","Ploop... oh.. there goes another arm..."
"GameData_Cards_FlavorText_91","Levitating - not as easy as you'd think..."
"GameData_Cards_FlavorText_93","Getting jiggy with it"
"GameData_Cards_FlavorText_79","Likes to sprinkle toxic goo on EVERYTHING"
"GameData_Cards_FlavorText_54","Do you want to buy AIR for a penny??"
"GameData_Cards_FlavorText_40","Simple but soooo effective"
"GameData_Cards_FlavorText_41","Captain Zamberica - here we goo!!"
"GameData_Cards_FlavorText_51","Be like the water - only with air"
"GameData_Cards_FlavorText_52","Get back here"
"GameData_Cards_FlavorText_53","There's more where this came from!"
"GameData_Cards_FlavorText_55","A little anti-social... with a dash of anger issues"
"GameData_Cards_FlavorText_56","Always forgets his head... everywhere..."
"GameData_Cards_FlavorText_58","Always use protection"
"GameData_Cards_FlavorText_60","Forecast was clear skies... no one said fireball shower"
"GameData_Cards_FlavorText_66","Don't get him angry, you won't like him when he's angry."
"GameData_Cards_FlavorText_69","Geronimo!"
"GameData_Cards_FlavorText_71","Where have I seen this contraption rising 4 times before?"
"GameData_Cards_FlavorText_72","Mending broken limbs since 1888"
"GameData_Cards_FlavorText_77","His buddy Jack would be proud"
"GameData_Cards_FlavorText_80","A beton nya mombay m'bwa!"
"GameData_Cards_FlavorText_83","The best survival tactic: ""never give up"""
"GameData_Cards_FlavorText_144","Hard to save every drop with all the spillage"
"GameData_Cards_FlavorText_89","Hates pointing things out..."
"GameData_Cards_FlavorText_102","Saturday... again?! 
This cycle is getting on my nerves"
"GameData_Cards_FlavorText_109","Always dreamed of being Superman..."
"GameData_Cards_FlavorText_110","Let's huddle up and do a howl"
"GameData_Cards_FlavorText_111","Loves to make it rain... RAIN of FIRE!"
"GameData_Cards_FlavorText_112","Bringing out the pyro-enthusiast in all of us"
"GameData_Cards_FlavorText_124","You reap what you sow"
"GameData_Cards_FlavorText_125","If you plant it they will come... with a bang"
"GameData_Cards_FlavorText_129","What a dragggg..."
"GameData_Cards_FlavorText_130","Wants to share his LOVE with everyone - free hugs?!?"
"GameData_Cards_FlavorText_131","Needs to flee from his fans, as they want his delicious insides"
"GameData_Cards_FlavorText_135","ERR, never really be satisfied..."
"GameData_Cards_FlavorText_140","Can never have enough goo... here take a sip"
"GameData_Cards_FlavorText_137","Hey gang, watch how I mow these chumps!"
"GameData_Cards_FlavorText_100","This will BE, the preetiest castle in all the land!"
"GameData_Cards_FlavorText_84","Spreading goo to a faucet near you"
"GameData_Cards_FlavorText_63","Is it a vision of the future or another dimension? Who knows?!"
"GameData_Cards_FlavorText_147","JuuuZZZt WaNt a LiTtlE hUgGG..."
"GameData_Cards_FlavorText_95","Not even close to Texas anymore"
"GameData_Cards_FlavorText_92","Booked until next year in haunted houses everywhere"
"GameData_Cards_FlavorText_20","Some like to grow flowers, others grow hallucinogenic poison mushrooms..."
"GameData_Cards_FlavorText_78","Make it R-A-A-I-N-Z!!!"
"GameData_Cards_FlavorText_99","Thatta boy!"
"GameData_Cards_FlavorText_107","Having a pyromaniac on the battlefield does come in handy"
"GameData_Cards_FlavorText_86","The undefeated spitting world champion, can hit a squirrel from 100ft"
"GameData_Cards_FlavorText_114","It can handle both plants and creatures... wait what?"
"GameData_Cards_FlavorText_243","Finds pieces of itself all over the battlefield"
"GameData_Cards_FlavorText_257","Its name is a paradox"
"GameData_Cards_Description_2","<b>입장:</b> 크리처 하나를 주인에게 돌려보낸다."
"GameData_Cards_Description_5","<b>입장:</b> 아군 크리처에 방어력을 2만큼 더한다."
"GameData_Cards_Description_19","<b>입장:</b> 이 카드의 복제본을 플레이에 넣는다."
"GameData_Cards_Description_33","<b>입장:</b> 임의의 적 크리처의 제어권을 가져온다."
"GameData_Cards_Description_34","<b>입장:</b> 플레이어의 손에 있는 임의의 카드의 비용을 1만큼 줄인다."
"GameData_Cards_Description_62","<b>입장:</b> 아군 크리처에 공격력을 2만큼 더한다."
"GameData_Cards_Description_82","<b>야생</b>, <b>파괴</b>"
"GameData_Cards_Description_105","<b>야생</b>"
"GameData_Cards_Description_106","<b>야생</b>"
"GameData_Cards_Description_113","<b>입장:</b> 모든 적 크리처를 얼린다."
"GameData_Cards_Description_118","적 크리처 1기의 제어권을 가져온다."
"GameData_Cards_Description_119","플레이 중인 모든 크리처를 파괴한다."
"GameData_Cards_Description_121","<b>입장:</b> 이 카드의 복제본을 플레이에 넣는다."
"GameData_Cards_Description_127","<b>입장:</b> Goo 병 1개를 잃는다."
"GameData_Cards_Description_141","<b>입장:</b> 다른 모든 크리처들을 주인들에게 돌려보낸다."
"GameData_Cards_Description_151","<b>입장:</b> Goo 병 2개를 잃는다."
"GameData_Cards_Description_115","<b>선택:</b> 데미지 3을 입히거나 방어력 3을 회복한다."
"GameData_Cards_Description_249","적에게 데미지 6을 입힌다."
"GameData_Cards_Description_154","모든 적 크리처에 데미지 2를 입힌다."
"GameData_Cards_Description_57","<b>헤비, 죽음:</b> 카드를 뽑는다."
"GameData_Cards_Description_76","<b>죽음:</b> 이 카드를 플레이어의 덱에 섞는다."
"GameData_Cards_Description_68","카드를 뽑는다."
"GameData_Cards_Description_12","<b>입장:</b> 적 1기에 데미지 4를 입힌다."
"GameData_Cards_Description_13","<b>입장:</b> 적 1기에 데미지 8을 입힌다."
"GameData_Cards_Description_14","<b>플래시</b>"
"GameData_Cards_Description_15","크리처에 방어력 4를 더한다."
"GameData_Cards_Description_16","대상 크리처 및 인접 크리처들에 데미지 5를 입힌다."
"GameData_Cards_Description_17","빈 Goo 병을 2개 얻는다."
"GameData_Cards_Description_67","<b>입장:</b> 아군 크리처에 공격력을 5만큼 더한다."
"GameData_Cards_Description_25","<b>공격:</b> 플레이어의 챔피언에 데미지 3을 입힌다."
"GameData_Cards_Description_28","데미지를 입힐 크리처를 얼린다."
"GameData_Cards_Description_98","<b>헤비</b>"
"GameData_Cards_Description_31","<b>입장:</b> 모든 적 크리처들에 데미지 5를 입힌다."
"GameData_Cards_Description_116","크리처에 <b>진동</b> 능력을 부여한다."
"GameData_Cards_Description_50","<b>죽음:</b> 플레이 중인 아군 크리처 하나당 카드 하나를 뽑는다."
"GameData_Cards_Description_44","이 카드가 플레이 중일 때, 아군 크리처들의 공격력이 1 증가한다."
"GameData_Cards_Description_59","이 카드가 플레이 중일 때, 이 카드를 공격하는 크리처들에 데미지 2를 입힌다."
"GameData_Cards_Description_3","<b>죽음:</b> 두 플레이어가 2장씩 카드를 뽑는다."
"GameData_Cards_Description_4","<b>마침:</b> 모든 적 크리처에 데미지 2를 입힌다."
"GameData_Cards_Description_7","<b>입장:</b> 크리처에 <b>헤비</b> 능력을 부여한다."
"GameData_Cards_Description_138","<b>입장:</b> 이 카드보다 더 높은 비용을 가진 적 크리처 1기를 파괴한다."
"GameData_Cards_Description_26","<b>입장:</b> 아군 크리처에 <b>파괴</b> 능력을 부여한다."
"GameData_Cards_Description_30","<b>입장:</b> 대상 적 크리처 및 인접 크리처들을 <b>얼린다</b>."
"GameData_Cards_Description_37","<b>진동</b>"
"GameData_Cards_Description_64","<b>입장:</b> 다른 모든 크리처들에 데미지 1을 입힌다."
"GameData_Cards_Description_74","<b>입장:</b> 아군 크리처에 공격력과 방어력을 3만큼 더한다."
"GameData_Cards_Description_142","<b>입장:</b> 이번 턴에 Goo 병을 1개 얻는다."
"GameData_Cards_Description_81","<b>파괴</b>, 이 카드가 플레이 중일 때, 플레이어의 크리처들의 비용이 2만큼 증가한다."
"GameData_Cards_Description_239","<b>입장:</b> 카드를 뽑는다."
"GameData_Cards_Description_240","<b>보호</b>"
"GameData_Cards_Description_241","<b>입장:</b> 적 헤비 크리처의 이성을 잃게 한다."
"GameData_Cards_Description_108","<b>마침:</b> 임의의 적 크리처에 데미지 2를 입힌다."
"GameData_Cards_Description_120","<b>입장:</b> 크리처 1기에 공격력과 방어력을 1만큼 더한다."
"GameData_Cards_Description_242","<b>헤비</b>"
"GameData_Cards_Description_6","<b>헤비</b>, <b>격노:</b> 카드를 뽑는다."
"GameData_Cards_Description_244","<b>헤비</b>"
"GameData_Cards_Description_246","<b>야생</b>"
"GameData_Cards_Description_248","크리처 1기에 데미지 10을 입힌다."
"GameData_Cards_Description_250","<b>소생</b>"
"GameData_Cards_Description_251","<b>소생</b>"
"GameData_Cards_Description_253","<b>파괴</b>"
"GameData_Cards_Description_254","<b>죽음:</b> 플레이어의 챔피언에 데미지 5를 입힌다."
"GameData_Cards_Description_255","<b>보호, 파괴</b>"
"GameData_Cards_Description_256","<b>입장:</b> 크리처 1기를 얼린다."
"GameData_Cards_Description_21","이 카드가 플레이 중일 때, 모든 아군 크리처들에 방어력 2를 더한다."
"GameData_Cards_Description_132","<b>입장:</b> 크리처에 공격력을 6 더하고 방어력을 6 낮춘다."
"GameData_Cards_Description_39","임의의 크리처 1기를 파괴한다."
"GameData_Cards_Description_136","<b>입장:</b> 아군 크리처에 공격력 3, 방어력 2를 더한다."
"GameData_Cards_Description_49","<b>헤비</b>, 데미지를 입힐 크리처를 얼린다."
"GameData_Cards_Description_65","<b>입장:</b> 적 1기에 데미지 1을 입힌다."
"GameData_Cards_Description_88","<b>입장:</b> 적 크리처의 이성을 잃게 한다."
"GameData_Cards_Description_8","이 카드가 플레이 중일 때, 어떤 공격이든 최대 2 데미지만을 받는다."
"GameData_Cards_Description_9","<b>입장:</b> 인접 크리처들에 공격력 1, 방어력 2를 더하고 <b>헤비</b> 능력을 부여한다."
"GameData_Cards_Description_18","크리처에 공격력을 7 더하고 방어력을 7 낮춘다."
"GameData_Cards_Description_22","<b>마침:</b> 다른 모든 아군 크리처들의 방어력을 2만큼 회복시킨다."
"GameData_Cards_Description_23","<b>소생</b>"
"GameData_Cards_Description_27","<b>입장:</b> 다른 모든 크리처들을 파괴한다."
"GameData_Cards_Description_29","<b>입장:</b> 플레이어의 방어력이 25 이하일 때 적에게 데미지 4를 입힌다."
"GameData_Cards_Description_32","<b>입장:</b> 아군 크리처에 <b>보호</b> 능력을 부여한다."
"GameData_Cards_Description_35","<b>헤비, 마침:</b> 방어력 2를 더한다."
"GameData_Cards_Description_36","<b>입장:</b> <b>헤비</b> 능력을 가진 적 크리처 1기를 파괴한다."
"GameData_Cards_Description_38","<b>입장:</b> 아군 크리처에 <b>야생</b> 능력을 부여한다."
"GameData_Cards_Description_42","이 카드가 플레이 중일 때, Z-Virus를 제외한 인접 크리처들의 공격력과 방어력을 얻는다."
"GameData_Cards_Description_43","<b>죽음:</b> 플레이어가 버린 패에서 임의의 크리처 3기를 플레이에 넣는다."
"GameData_Cards_Description_45","<b>입장:</b> 비용이 2인 임의의 크리처 1기를 플레이에 넣는다."
"GameData_Cards_Description_46","<b>마침:</b> 플레이어의 챔피언에 데미지 1을 입힌다."
"GameData_Cards_Description_47","<b>입장:</b> 모든 아군 크리처들을 <b>파괴</b>한다."
"GameData_Cards_Description_48","<b>입장:</b> <b>얼어있는</b> 적 크리처 1기를 파괴한다."
"GameData_Cards_Description_61","<b>입장:</b> 플레이어 챔피언의 방어력이 10 이하인 경우 방어력 2를 더한다."
"GameData_Cards_Description_70","빈 Goo 병을 1개 얻는다"
"GameData_Cards_Description_75","<b>입장:</b> 플레이 중인 적 크리처 하나당 카드 하나를 뽑는다."
"GameData_Cards_Description_85","</b>죽음:</b> 이 크리처의 공격력에 해당하는 만큼 모두에게 데미지를 입힌다."
"GameData_Cards_Description_90","<b>입장:</b> 모든 적 크리처를 얼린다"
"GameData_Cards_Description_94","<b>입장:</b> 인접 크리처들이 <b>보호</b> 능력을 얻는다."
"GameData_Cards_Description_96","<b>입장:</b> 적 덱에서 카드를 한 장 뽑는다."
"GameData_Cards_Description_97","이 카드를 손에 가지고 있는 동안, 매 턴이 끝날 때마다 비용이 1씩 감소한다."
"GameData_Cards_Description_103","<b>격노:</b> 공격력에 3을 더한다."
"GameData_Cards_Description_104","<b>입장:</b> 모든 아군 크리처에 <b>헤비</b> 능력을 부여한다."
"GameData_Cards_Description_117","이번 턴에 모든 적 크리처들의 공격력을 1로 바꾼다"
"GameData_Cards_Description_143","<b>보호</b>"
"GameData_Cards_Description_145","<b>입장:</b> 플레이에 이 카드만 있는 경우 빈 Goo 병을 1개 얻는다."
"GameData_Cards_Description_146","<b>입장:</b> 적의 방어력이 30 이하인 경우, 빈 Goo 병을 1개 얻는다."
"GameData_Cards_Description_148","<b>죽음:</b> 이번 턴에 Goo 병을 1개 얻는다."
"GameData_Cards_Description_149","<b>입장:</b> 이번 턴에 Goo 병을 2개 얻는다."
"GameData_Cards_Description_150","이 카드가 플레이 중인 경우, 보유 중인 미사용 Goo의 수만큼 공격력과 방어력을 얻는다."
"GameData_Cards_Description_152","<b>입장:</b> 플레이어의 방어력이 적보다 낮은 경우 Goo 병을 1개 얻는다."
"GameData_Cards_Description_153","<b>입장:</b> 플레이 중인 크리처가 적보다 더 적은 경우 빈 Goo 병을 1개 얻는다."
"GameData_Cards_Description_133","<b>입장:</b> 아군 크리처에 공격력 1, 방어력 2를 더한다."
"GameData_Cards_Description_128","<b>죽음:</b> Goo 병 1개를 잃는다."
"GameData_Cards_Description_134","<b>입장:</b> 이 카드에 플레이 중인 적 크리처 하나당 방어력 2를 더한다."
"GameData_Cards_Description_122","<b>입장:</b> 두 플레이어가 빈 Goo 병을 1개씩 얻는다."
"GameData_Cards_Description_126","<b>입장:</b> 크리처에 공격력을 2 더하고 방어력을 1 낮춘다."
"GameData_Cards_Description_93","<b>입장:</b> 플레이 중인 모든 아군 크리처에 공격력 1을 더한다."
"GameData_Cards_Description_79","<b>입장:</b> 플레이어의 손에서 임의의 카드 1개를 버린다."
"GameData_Cards_Description_54","이 카드가 플레이 중일 때, 플레이어의 손에 있는 모든 크리처의 비용을 1만큼 감소시킨다."
"GameData_Cards_Description_40","크리처의 이성을 잃게 하고, 이후 공격력 3을 더하고 방어력 3을 낮춘다."
"GameData_Cards_Description_41","플레이어의 다음 턴이 시작할 때까지 크리처는 데미지를 받지 않는다."
"GameData_Cards_Description_51","<b>입장:</b> 플레이어의 손에 있는 임의의 크리처에 공격력 2, 방어력 1을 더한다."
"GameData_Cards_Description_52","<b>야생</b>, 헤비 속성의 크리처를 먼저 공격하지 않아도 된다."
"GameData_Cards_Description_53","<b>입장:</b> 두 플레이어가 1장씩 카드를 뽑는다."
"GameData_Cards_Description_55","이 카드를 손에 가지고 있는 경우, 플레이 중인 아군 크리처 하나당 비용을 1만큼 감소시킨다."
"GameData_Cards_Description_56","<b>격노:</b> 적 챔피언에 데미지 2를 입힌다."
"GameData_Cards_Description_58","<b>입장:</b> 아군 크리처에 방어력을 4만큼 더한다."
"GameData_Cards_Description_60","<b>헤비</b>, <b>격노:</b> 공격력 2 추가"
"GameData_Cards_Description_66","<b>입장:</b> 이번 턴에 아군 크리처에게 공격력을 2만큼 더한다."
"GameData_Cards_Description_69","각 플레이어는 자신의 덱에서 임의의 크리처 1기를 플레이에 넣는다."
"GameData_Cards_Description_71","이 매치에서 플레이어가 사용한 아이템 카드의 수만큼 데미지를 입힌다."
"GameData_Cards_Description_72","모든 아군 크리처의 방어력을 4만큼 회복한다."
"GameData_Cards_Description_77","<b>죽음:</b> 비용이 4인 임의의 크리처 1기를 플레이에 넣는다."
"GameData_Cards_Description_80","<b>입장:</b> 두 플레이어가 1장씩 카드를 뽑는다."
"GameData_Cards_Description_83","<b>죽음:</b> 이 카드를 플레이어의 손으로 다시 돌려보낸다. 비용이 1만큼 증가한다."
"GameData_Cards_Description_144","<b>죽음:</b> 빈 Goo 병을 1개 얻는다."
"GameData_Cards_Description_89","<b>입장:</b> 플레이에 이 카드만 있는 경우 <b>헤비</b>와 가드 속성을 얻는다."
"GameData_Cards_Description_102","<b>입장:</b> 플레이에 이 카드만 있는 경우, <b>헤비</b> 속성을 얻는다."
"GameData_Cards_Description_109","<b>격노:</b> 임의의 적 1기에 데미지 5를 입힌다."
"GameData_Cards_Description_110","이 카드가 플레이 중일 때, 플레이어의 크리처들이 <b>야생</b> 능력을 가진다."
"GameData_Cards_Description_111","<b>공격 불가, 턴:</b> 임의의 적 1기에 데미지 7을 입힌다."
"GameData_Cards_Description_112","크리처 1기를 파괴한다."
"GameData_Cards_Description_124","<b>입장:</b> 아군 크리처에 </b>소생</b> 속성을 부여한다."
"GameData_Cards_Description_125","<b>죽음:</b> 플레이어의 손에 있는 가장 비용이 비싼 크리처 2기를 플레이에 넣는다."
"GameData_Cards_Description_129","<b>파괴</b>"
"GameData_Cards_Description_130","<b>입장:</b> 플레이어의 챔피언에 데미지 4를 입히고 빈 Goo 병을 1개 얻는다."
"GameData_Cards_Description_131","<b>입장:</b> 크리처에 공격력을 4 더하고 방어력을 2 낮춘사."
"GameData_Cards_Description_135","<b>입장:</b> 플레이어의 방어력이 적보다 낮은 경우 아군 Frozen 2기를 플레이에 넣는다."
"GameData_Cards_Description_140","이 카드가 플레이 중일 때, 추가로 Goo 병을 1개 얻는다."
"GameData_Cards_Description_137","모든 적 크리처에 데미지 2를 입힌다."
"GameData_Cards_Description_100","<b>마침:</b> 방어력 1을 더한다"
"GameData_Cards_Description_84","<b>공격:</b> 이번 턴에 Goo 병을 1개 얻는다."
"GameData_Cards_Description_63","<b>공격:</b> 카드를 뽑는다."
"GameData_Cards_Description_147","<b>공격:</b> 이번 턴에 Goo 병을 1개 얻는다."
"GameData_Cards_Description_95","플레이어가 손에 오직 이 카드만 가지고 있는 경우, 이 카드의 비용이 0이 된다."
"GameData_Cards_Description_92","<b>입장:</b> 이번 턴에 적 크리처 1기의 공격력을 0으로 바꾼다."
"GameData_Cards_Description_20","<b>죽음:</b> 비용이 1인 임의의 크리처들로 플레이어의 전장을 채운다."
"GameData_Cards_Description_78","<b>죽음:</b> 플레이어의 챔피언의 방어력을 8만큼 회복한다."
"GameData_Cards_Description_99","<b>공격:</b> 방어력 2를 더한다."
"GameData_Cards_Description_107","이 카드가 플레이 중일 때, 인접 크리처들의 공격력이 2 증가한다."
"GameData_Cards_Description_86","<b>입장:</b> 플레이 중인 적 크리처 하나당 공격력 1을 더한다."
"GameData_Cards_Description_114","모든 적 크리처에 데미지 2를 입히고 이성을 잃게 한다."
"GameData_Cards_Description_243","적의 턴에 공격력이 2 증가한다."
"GameData_Cards_Description_257","<b>입장:</b> <b>얼어있는</b> 적 크리처를 모두 파괴한다."
"GameData_InGameTutorial_0","입장 능력은 카드가 플레이에 나왔을 때 발동합니다."
"GameData_InGameTutorial_1","턴(Turn) 능력은 매 턴을 시작할 때마다 활성화됩니다."
"GameData_InGameTutorial_2","마침(End) 능력은 매 턴의 마지막에 활성화됩니다."
"GameData_InGameTutorial_3","공격 능력은 크리처가 전투할 때 활성화됩니다."
"GameData_InGameTutorial_4","죽음 능력은 크리처의 방어력이 0일 때 발동됩니다."
"GameData_InGameTutorial_5","지연 능력은 일정 횟수의 턴이 지나면 활성화됩니다."
"GameData_InGameTutorial_6","얼어있는 크리처는 다음 턴에 공격할 수 없습니다."
"GameData_InGameTutorial_7","소생된 크리처는 한 번 죽은 후에 다시 나타납니다."
"GameData_InGameTutorial_8","헤비 속성의 크리처는 반드시 가장 먼저 공격받아야 합니다."
"GameData_InGameTutorial_9","야생 속성의 크리처는 플레이에 들어간 턴에 공격할 수 있습니다."
"GameData_InGameTutorial_10","툴팁 설명"
"GameData_InGameTutorial_11","툴팁 설명"
"GameData_InGameTutorial_12","툴팁 설명"
"GameData_InGameTutorial_13","파괴 효과는 일격에 적을 죽입니다."
"GameData_InGameTutorial_14","격노는 크리처가 플레이에 처음 데미지를 받으면 공격력을 증가시킵니다."
"GameData_InGameTutorial_15","플래시는 해당 크리처가 두 번 공격할 수 있게 해줍니다."
"GameData_InGameTutorial_16","보호 능력은 해당 크리처를 데미지 또는 파괴 능력으로부터 1회 보호해줍니다."
"GameData_Tutorial_0_Tooltip_0","적 챔피언의 방어력"
"GameData_Tutorial_0_Tooltip_1","내 챔피언의 방어력"
"GameData_Tutorial_0_Tooltip_2","방어력: 이 크리처가 견딜 수 있는 데미지"
"GameData_Tutorial_0_Tooltip_3","공격력: 이 크리처가 입힐 수 있는 데미지"
"GameData_Tutorial_0_Tooltip_4","Gloop의 방어력이 카운터 공격으로 줄어들었습니다."
"GameData_Tutorial_1_Tooltip_0","덱에 카드를 추가하려면 맨 위로 드래그하세요."
"GameData_Tutorial_1_Tooltip_1","덱에서 카드를 제거하려면 카드 위에서 두 번 탭 하세요."
"GameData_Tutorial_1_Tooltip_2","카드를 두 번 탭 해서 추가할 수도 있습니다."
"GameData_Tutorial_1_Tooltip_3","자, 이제 배틀을 시작해보죠!"
"GameData_Tutorial_1_Tooltip_4","나중에는 이 텍스트를 선택하여 덱의 이름을 변경할 수 있습니다."
"GameData_Tutorial_1_Tooltip_5","지금은 화살표를 클릭하여 카드를 확인하면서 덱을 채우세요."
"GameData_Tutorial_1_Tooltip_6","새 카드를 먼저 열어보고 싶지 않으신가요?"
"GameData_Tutorial_1_Tooltip_7","팩을 열어보세요."
"GameData_Tutorial_2_Tooltip_0","야생 속성의 크리처는 플레이에 들어간 턴에 공격할 수 있습니다."
"GameData_Tutorial_2_Tooltip_1","이것은 카드의 Goo 비용을 나타냅니다."
"GameData_Tutorial_2_Tooltip_2","Goo 병을 1개 얻었군요."
"GameData_Tutorial_2_Tooltip_3","Goo 병을 1개 더 얻었으며, 전에 사용했던 Goo는 다시 채워집니다."
"GameData_Tutorial_2_Tooltip_4","입장 효과는 카드를 플레이에 넣을 때 발동합니다. 아이템처럼 말이죠."
"GameData_Tutorial_2_Tooltip_5","헤비 속성의 크리처는 가장 먼저 공격받아야 합니다."
"GameData_Tutorial_2_Tooltip_6","챔피언들은 쿨다운 중에 사용할 수 있는 독특한 능력을 가지고 있습니다."
"GameData_Tutorial_3_Tooltip_0","우선 새 카드를 확인해봅시다."
"GameData_Tutorial_4_Tooltip_0","당신이 선공입니다."
"GameData_Tutorial_4_Tooltip_1","이것은 처음에 당신이 손에 들고 있을 카드입니다. 바꾸고 싶은 카드를 위로 드래그하고, ""가지기"" 버튼을 누르세요."
"GameData_Tutorial_4_Tooltip_2","아직 승리해야 할 배틀이 있습니다."
"GameData_Tutorial_0_TutorialStep_0_AvatarDescription","환영합니다!\n\n새로 오신 분이니, 요령을 익히는 동안 제 덱을 빌려드릴게요."
"GameData_Tutorial_0_TutorialStep_1_AvatarDescription","적 챔피언을 파괴하여 승리하세요!"
"GameData_Tutorial_0_TutorialStep_28_AvatarDescription","훌륭합니다! 첫 매치에서 승리했군요!"
"GameData_Tutorial_2_TutorialStep_0_AvatarDescription","이 크리처들은 그저 발톱과 살만 가진 것이 아닙니다. 그들은 능력도 갖추고 있지요.\n\n그 능력을 사용하는 법을 배워봅시다."
"GameData_Tutorial_4_TutorialStep_0_AvatarDescription","이번에는 모든 것이 당신에게 달려있습니다...\n\n그 동안 당신이 배운 모든 것을 사용해서 저를 자랑스럽게 해주세요!"
"GameData_Tutorial_4_TutorialStep_7_AvatarDescription","이제 더는 가르칠 것이 없군요. 축하합니다!\n\n이제 PvP 모드에서 다른 플레이어들에게 도전하여 온라인으로 기술을 갈고닦을 수 있습니다."
"GameData_Tutorial_0_TutorialStep_0_TooltipCloseText","확인"
"GameData_Tutorial_0_TutorialStep_1_TooltipCloseText","자, 시작해볼까요?"
"GameData_Tutorial_0_TutorialStep_28_TooltipCloseText","확인!"
"GameData_Tutorial_2_TutorialStep_0_TooltipCloseText","자, 시작해볼까요?"
"GameData_Tutorial_4_TutorialStep_0_TooltipCloseText","배틀!"
"GameData_Tutorial_4_TutorialStep_7_TooltipCloseText","계속"
"GameData_Tutorial_0_TutorialStep_2_ChampionSayTooltip_0","으르렁!"
"GameData_Tutorial_0_TutorialStep_3_ChampionSayTooltip_0","너를 잿더미로 만들어주마!"
"GameData_Tutorial_0_TutorialStep_8_ChampionSayTooltip_0","이 게임은 두 명이 플레이할 수 있습니다."
"GameData_Tutorial_0_TutorialStep_9_ChampionSayTooltip_0","내 크리처는 아직 공격할 수 없기 때문에, 이번 턴은 여기까지 입니다."
"GameData_Tutorial_0_TutorialStep_11_ChampionSayTooltip_0","바위 조각치고는 제법이군."
"GameData_Tutorial_0_TutorialStep_12_ChampionSayTooltip_0","저 크리처를 공격합시다."
"GameData_Tutorial_0_TutorialStep_14_ChampionSayTooltip_0","이번 턴은 여기까지 하고 넘어가 볼까요?"
"GameData_Tutorial_0_TutorialStep_16_ChampionSayTooltip_0","골치 아프지?"
"GameData_Tutorial_0_TutorialStep_17_ChampionSayTooltip_0","저 녀석을 잿더미로 만들어 버리세요!"
"GameData_Tutorial_0_TutorialStep_24_ChampionSayTooltip_0","이 게임은 두 명이 플레이할 수 있습니다."
"GameData_Tutorial_2_TutorialStep_1_ChampionSayTooltip_0","너를 부숴버리겠다!"
"GameData_Tutorial_2_TutorialStep_2_ChampionSayTooltip_0","내가 널 먼저 쓰러뜨린다면 그럴 수 없을 거다!"
"GameData_Tutorial_2_TutorialStep_5_ChampionSayTooltip_0","성가신 야생 크리처로군!"
"GameData_Tutorial_2_TutorialStep_8_ChampionSayTooltip_0","이번 턴은 여기까지입니다. 넘어가죠!"
"GameData_Tutorial_2_TutorialStep_9_ChampionSayTooltip_0","이제 너는 나를 건드릴 수 없다."
"GameData_Tutorial_2_TutorialStep_11_ChampionSayTooltip_0","야생 크리처를 먼저 플레이에 넣으세요!"
"GameData_Tutorial_2_TutorialStep_21_ChampionSayTooltip_0","제 파이어볼(Fireball)로 저 녀석을 끝장내 버리세요!"
"GameData_Tutorial_2_TutorialStep_22_ChampionSayTooltip_0","좋았어!"
"ConnectionPopup_Label_Body","서버와 연결이 끊어졌습니다. 다시 연결하고 있습니다..."
"InputOTP_Label_Header","인증 코드를 입력하세요."
"InputOTP_Label_Body","이 계정과 연결된 휴대폰 번호로 인증 코드를 전송했습니다."
"InputOTP_Label_OTP","인증 코드"
"InputOTP_Placeholder_OTP","인증 코드..."
"Common_Button_Cancel","취소"
"Common_Button_Send","전송"
"MyDecks_Editing_Button_Auto","자동 채우기"
"MyDecks_Editing_PlaceHolder_Search","검색"
"MyDecks_Editing_Label_Element","속성"
"MyDecks_Editing_Label_GooCost","GOO 비용"
"MyDecks_Editing_Label_Rarity","희귀성"
"MyDecks_Editing_Button_ViewDeck","덱 보기"
"MyDecks_Editing_Button_SaveDeck","저장"
"ViewDeck_Label_Abilities","능력"
"ViewDeck_Button_Change","변경"
"ConnectionPopup_Label_Connecting","데이터 검증 및 수신 중..."
"ConnectionPopup_Label_Failed","백엔드 연결에 실패했습니다. 인터넷 연결을 확인한 후 다시 시도해주세요."
"ConnectionPopup_Label_Reconnecting","서버와 연결이 끊어졌습니다. 다시 연결하고 있습니다..."
"ConnectionPopup_Label_Matchmaking","상대 찾는 중..."
"Common_Button_Close","닫기"
"Common_Button_Quit","종료"
"Common_Button_Retry","재시도"
"Common_Button_Continue","계속"
"InternetConnectionPopup_Label_Body","인터넷 연결이 필요합니다. 확인 후 다시 시도해주세요."
"LevelUp_Label_NoReward","이 챔피언으로 얻을 수 있는 보상을 모두 받았습니다!"
"LevelUp_Label_NextLevelReward","레벨 {NextLevelReward}에서 다음 보상을 받으세요!"
"SelectChampionPopup_Label_Header","챔피언 선택"
"SelectChampionPopup_Label_WeakAgainst","취약 속성"
"SelectChampionAbilityPopup_Label_Header","챔피언 능력 선택"
"SelectChampionAbilityPopup_Label_SelectedAmount","<color=#FFFF00>{SELECTED_AMOUNT}/{TOTAL_AMOUNT}</color>개의 능력이 선택됨"
