"Key","Value"
"AbilityBar_Label_Body","능력 활성화"
"RenamePopup_Label_Head","덱 이름 변경"
"RenamePopup_Label_Body","덱 이름을 입력하세요"
"RenamePopup_Placeholder_DeckName","덱 이름"
"Warning_FilterCard_NoGooCost","최소 한 개 이상의 옵션을 선택해야 합니다."
"Warning_FilterCard_NoElement","최소 한 개 이상의 옵션을 선택해야 합니다."
"Warning_FilterCard_NoRank","최소 한 개 이상의 옵션을 선택해야 합니다."
"Warning_Shop_ExistingPurchasePending","이 상품에 대한 구매가 이미 진행 중입니다. 다시 시도해주세요."
"Warning_Shop_PaymentDeclined","결제가 거절되었습니다."
"Warning_Shop_PurchasingUnavailable","구매를 진행할 수 없습니다.\n\n유효한 계정을 사용하면서 사용자의 기기에서 구매가 허용되어 있는지 확인하세요."
"Warning_Gameplay_ClosingGame","매치를 떠나 게임을 끝내는 중..."
"Warning_MatchMaker_Error_FindMatch","매치를 찾는 도중 오류가 발생했습니다."
"Warning_MatchMaker_Error_CancelingFindMatch","취소하는 도중 에러가 발생했습니다."
"Warning_Tutorial_Error_DeleteDeck","{DECK_ID} 덱을 지울 수 없습니다."
"Confirm_PlayAgain_Available","다른 PvP 게임을 플레이하시겠습니까?"
