"Key","Value"
"AbilityBar_Label_Body","解锁技能"
"RenamePopup_Label_Head","重命名卡组"
"RenamePopup_Label_Body","命名你的卡组"
"RenamePopup_Placeholder_DeckName","卡组名称"
"Warning_FilterCard_NoGooCost","至少必须选择一个选项。"
"Warning_FilterCard_NoElement","至少必须选择一个选项。"
"Warning_FilterCard_NoRank","至少必须选择一个选项。"
"Warning_Shop_ExistingPurchasePending","此产品的购买已经在进行中。请重试。"
"Warning_Shop_PaymentDeclined","付款未成功。"
"Warning_Shop_PurchasingUnavailable","无法购买。\n\n请检查你是否使用有效帐户，以及你的设备是否支持购买。"
"Warning_Gameplay_ClosingGame","正在退出比赛并关闭游戏……"
"Warning_MatchMaker_Error_FindMatch","匹配时出错。"
"Warning_MatchMaker_Error_CancelingFindMatch","取消操作时出错。"
"Warning_Tutorial_Error_DeleteDeck","无法删除卡组 {DECK_ID} 。"
"Confirm_PlayAgain_Available","你想开始另一场 PvP 游戏吗？"
