"Key","Value"
"Common_Button_GotIt","知道了"
"Common_Button_Yes","是"
"Common_Button_No","否"
"HordeSelection_Label_Header","选择卡组"
"HordeSelection_Button_Edit","编辑"
"HordeSelection_Button_Delete","删除"
"HordeSelection_Button_Rename","重命名"
"HordeSelection_Button_Build","组建新卡组"
"HordeSelection_Popup_InfoDeleteLastDeck","无法删除。你必须至少有一个卡组。"
"HordeSelection_Popup_ConfirmDeleteDeck","你确定要删除 {DECK_NAME} 吗？"
"HordeSelection_Spinner_DeletingDeck","卡组删除中……"
"HordeEditing_Popup_ConfirmSaveProgress","你想要保存游戏进度吗？"
"HordeEditing_Button_Auto","自动生成"
"HordeEditing_Button_Filter","筛选"
"HordeEditing_Button_Abilities","技能"
"HordeEditing_Input_Search","搜索"
"HordeEditing_Button_Save","保存卡组"
"HordeEditing_Spinner_SavingDeck","卡组保存中……"
"ChampionSelection_Label_Header","新卡组"
"ChampionSkillSelection_Label_Header","选择英雄技能"
"ChampionSkillSelection_Label_NoSelected","未选择技能"
"ChampionSkillSelection_Label_SelectedAmount","已选择 {SELECTED_SKILL_AMOUNT}/{SKILLS_SLOT_AMOUNT}"
"DeckRenaming_Label_Header","命名你的卡组"
"DeckRenaming_Button_Save","保存"
"SideMenu_Button_Battle","开战"
"SideMenu_Button_Shop","商店"
"SideMenu_Button_MyDecks","我的卡组"
"SideMenu_Button_MyPacks","我的卡包"
"SideMenu_Button_MyCards","我的卡牌"
"AreaBar_Button_Login","登录"
"LoginPopup_Label_Email","邮箱"
"LoginPopup_Placeholder_Email","邮箱地址……"
"LoginPopup_Label_Password","密码"
"LoginPopup_Placeholder_Password","密码……"
"LoginPopup_Button_NotRegistered","还未注册？"
"LoginPopup_Button_Login","登录"
"LoginPopup_Button_ForgotPassword","忘记密码？"
"LoginPopup_Popup_EnterEmailPassword","请输入你的邮箱和密码。"
"RegisteringPopup_Label_MinutesAway","你马上就能到达 Relentless 战场了。"
"RegisteringPopup_Label_Email","邮箱"
"RegisteringPopup_Placeholder_Email","邮箱地址……"
"RegisteringPopup_Label_Password","密码"
"RegisteringPopup_Placeholder_Password","密码……"
"RegisteringPopup_Label_ConfirmPassword","确认密码"
"RegisteringPopup_Placeholder_ConfirmPassword","确认密码……"
"RegisteringPopup_Button_Register","注册"
"RegisteringPopup_Button_AlreadyRegistered","已\n注册？"
"ForgotPasswordPopup_Label_Header","重置密码"
"ForgotPasswordPopup_Label_SubHeader","请在下面输入你的邮箱。\n我们将给你发送一个重置密码的链接。"
"ForgotPasswordPopup_Label_Email","邮箱"
"ForgotPasswordPopup_Placeholder_Email","邮箱地址……"
"ForgotPasswordPopup_Button_Cancel","取消"
"ForgotPasswordPopup_Button_Send","发送"
"ForgotPasswordSendPopup_Label_Header","密码重置邮件已发送"
"ForgotPasswordSendPopup_Label_Body01","邮件已发送到你的邮箱。\n请按邮件中的说明来重置你的密码。"
"ForgotPasswordSendPopup_Label_Body02","注意：如果未看到邮件\n请查看你的垃圾箱和广告邮件箱"
"ForgotPasswordSendPopup_Button_GotIt","知道了"
"LoginPopup_Popup_Validating","正在验证并获取数据……"
"MainMenuBattleMode_Button_Battle","开战"
"MainMenuBattleMode_Button_ChangeMode","更改模式"
"MainMenuBattleMode_Label_BattleMode_Solo","单人模式"
"MainMenuBattleMode_Label_BattleMode_VS","对战\n普通"
"GameModePopup_Label_Header","游戏模式"
"GameModePopup_Button_Solo","单人模式"
"GameModePopup_Button_VS","对战模式"
"GameModePopup_Button_Tutorial","教程"
"MatchMakingPopup_Label_RegisteringToPool","注册对战……"
"MatchMakingPopup_Label_WaitingPeriod","寻找对手……"
"MatchMakingPopup_Label_FindingMatch","匹配对手……"
"MatchMakingPopup_Label_AcceptingMatch","确认匹配细节……"
"MatchMakingPopup_Label_WaitingForOpponent","确认匹配细节……"
"MatchMakingPopup_Label_ConfirmingWithOpponent","确认匹配细节……"
"MatchMakingPopup_Label_Canceled","正在取消……"
"MatchMakingPopup_Button_Cancel","取消"
"StartTutorial_Label_Body","欢迎！你想播放教程来带你入门吗？"
"SettingsPopup_Label_HeaderMain","设置"
"SettingsPopup_Label_HeaderAudio","音频"
"SettingsPopup_Label_HeaderVideo","视频"
"SettingsPopup_Label_Music","音乐"
"SettingsPopup_Label_Sounds","声音"
"SettingsPopup_Label_Resolution","分辨率"
"SettingsPopup_Label_ScreenMode","屏幕模式"
"SettingsPopup_Button_Login","登录"
"SettingsPopup_Button_Logout","退出"
"SettingsPopup_Button_Help","帮助"
"SettingsPopup_Button_Credits","制作组"
"SettingsPopup_Button_Support","支持"
"SettingsPopup_Button_QuitGame","退出"
"SettingsPopup_Button_QuitBattle","你想退出这一局吗？"
"SettingsPopup_Popup_ConfirmLogout",""
"SettingsPopup_Popup_ConfirmHelp","你想转到帮助链接吗？"
"SettingsPopup_Popup_ConfirmSupport","你想访问在线 Help Desk 吗？"
"ArmyPage_Label_Header","我的军团"
"ArmyPage_Button_Filter","筛选"
"ArmyPage_Button_BuyPacks","购买更多卡包"
"ArmyPage_Input_Search","搜索"
"ArmyPage_Button_Marketplace","交易市场"
"ArmyPage_Popup_ConfirmMarketplace","你想访问交易市场网站吗？"
"ShopPage_Label_Header","推广活动"
"ShopPage_Label_Banner","新卡包折扣！"
"PackOpener_Label_Header","我的卡包"
"PackOpener_Label_PackToOpenAmount","{[PACK_AMOUNT_TO_OPEN]} 个卡包[i2p_Zero]无卡包[I2p_One]1个卡包"
"PackOpener_Button_Open","开启"
"PackOpener_Button_BuyPacks","购买更多卡包"
"PackOpener_Button_Collect","收集"
"FilterCard_Label_Header","筛选卡牌"
"FilterCard_Button_Save","保存"
"FilterCard_Button_SelectAll","选择全部"
"FilterCard_Button_Element","派系"
"FilterCard_Button_Rarity","稀有度"
"FilterCard_Button_GooCost","GOO 成本"
"FilterDeck_Label_Header","筛选卡组"
"FilterDeck_Button_Save","保存"
"Mulligan_Button_Keep","保留"
"Gameplay_Button_EndTurn","结束回合"
"Gameplay_Popup_ConfirmQuit","你确定要退出吗？"
"Gameplay_Popup_YourTurn","到你了"
"WinLostPopup_Label_WinHeader","胜利！"
"WinLostPopup_Label_LostHeader","战败！"
"WinLostPopup_Label_Level","等级"
"WinLostPopup_Button_PlayAgain","再玩一次"
"WinLostPopup_Button_Continue","主菜单"
"LevelUp_Label_Header","升级！"
"LevelUp_Label_RewardDisabled","已对 {GAME_VERSION} 版本停用奖励机制。"
"LoadingPage_Message_Loading","正在加载……"
"Handle_Error_General","出现了错误。\n请再试一次。"
"Warning_DataManager_CardLibrary_Error","加载卡牌库数据时出错"
"Warning_DataManager_ChampionsData_Error","加载英雄数据时出错"
"Warning_DataManager_CardCollection_Error","加载卡牌收藏数据时出错。"
"Warning_DataManager_PlayerDecksData_Error","加载卡组时出错。"
"Warning_DataManager_AIDecksData_Error","加载 AI 对手卡组时出错。"
"Warning_DataManager_ChampionLeveling_Error","加载英雄等级数据时出错。"
"Waning_OTP_Incorrect","验证码不正确。请再试一次。"
"Warning_ForgotPassword_InvalidEmail","请输入一个有效的邮箱地址。"
"Warning_Register_EmptyEmailOrPassword","请输入你的邮箱和密码。"
"Warning_Register_InvalidEmail","请输入一个有效的邮箱地址。"
"Warning_Register_ConfirmPasswordNotMatch","请确保你的密码匹配。"
"Warning_Register_IncorrectEmailOrPassword","邮箱或密码不正确。请再试一次。"
"Warning_Register_RequestError","注册失败。请再试一次。"
"Warning_Register_EmailAlreadyUsed","该邮箱已被注册。请使用一个不同的邮箱或登录到你已有的帐户。"
"Warning_Login_EmptyEmailOrPassword","请输入你的邮箱和密码。"
"Warning_Login_InvalidEmail","请输入一个有效的邮箱地址。"
"Warning_Login_IncorrectEmailOrPassword","邮箱或密码不正确。请再试一次。"
"Warning_Login_RequestError","注册失败。请再试一次。"
"Warning_Login_Unauthorized","邮箱或密码不正确。请再试一次。"
"Warning_Login_ValidationFailed","我们无法验证你的登录信息。请重启游戏再试一次。"
"Warning_GameVersion_Mismatch","这个 ({LOCAL_VERSION}) 版本已过期。请下载 {REMOTE_VERSION} 版本。"
"Warning_Server_MaintenanceMode","我们的服务器正在进行维护。请稍后再试。"
"Warning_ServerConnection_Impossible","服务器连接超时。请检查你的网络连接并重试。"
"Warning_ServerConnection_Failed","请检查你的网络连接并重试。"
"Warning_SystemRequirement_NotSatisfy","你的设备不符合最低系统要求。如果你选择继续，你可能会遇到困难，或者无法进行游戏。"
"Warning_InternetConnection_Error","请检查你的网络连接并重试。"
"Spinner_PackOpener_RetrievingCards","你的卡牌正在加载……"
"Warning_PackOpener_PackBalanceRequest_Error","出错了。\n想要重试吗？"
"Warning_PackOpener_RetrievingCards_Error","卡牌加载失败。\n请重试。"
"Warning_RankedGames_Disabled","{GAME_VERSION} 版本暂无排名赛。感谢你帮助我们让这款游戏变得更好！\n—— Loom Network"
"Warning_FriendlyGames_Disabled","{GAME_VERSION} 版本暂无友谊赛。感谢你帮助我们让这款游戏变得更好！\n—— Loom Network"
"Spinner_Shop_IAP","初始化商店……"
"Spinner_Shop_InitStore","初始化商店……"
"Spinner_Shop_ClaimPending","激活购买……"
"Spinner_Shop_InitiatedPurchase","激活购买……"
"Spinner_Shop_Purchasing","处理付款……"
"Spinner_Shop_RequestFiatValidation","处理付款……"
"Spinner_Shop_RequestFiatTransaction","获取你的商品……"
"Spinner_Shop_RequestPack","获取你的商品……"
"Spinner_Shop_RequestFiatClaim","获取你的商品……"
"Warning_Shop_ClaimPending_Failed","无法获取待处理的购买。\n请重试。"
"Warning_Shop_InitStore_Failed","无法初始化商店。\n请重试。"
"Warning_Shop_RequestPack_Success","购买成功！请至“我的卡包”查看。"
"Warning_Shop_Purchasing_Failed","你的购买出现错误。请重试。"
"Warning_HordeSelection_SearchDeck_NotFound","此搜索下未找到任何卡组。"
"Warning_HordeSelection_MaxDeck","不能超过 {MAX_DECKS} 个卡组，请删除 1 到多个卡组，并重试。"
"Warning_HordeEditing_AddDeck_Failed","出错了。\n请重试。"
"Warning_HordeEditing_AddCard_AgainstChampionFaction","无法从你的英雄克星派系里添加"
"Warning_HordeEditing_AddCard_NotEnough","这张卡牌不够了。购买或赢取卡包，以获取更多卡牌。"
"Warning_HordeEditing_AddCard_RankMaxOut","一个卡组中， {CARD_RANK} 卡牌不能超过 {MAX_COPIES} 张。"
"Warning_HordeEditing_AddCard_MaxDeckSize","一个卡组不能超过 {MAX_DECK_SIZE} 卡牌。"
"Warning_HordeEditing_AddDeck_Error","无法添加卡组"
"Warning_HordeEditing_EditDeck_Error","无法编辑卡组"
"Warning_HordeEditing_DeleteDeck_Error","无法删除卡组"
"Warning_HordeEditing_DeckName_Empty","不能保存无名卡组"
"Warning_HordeEditing_DeckName_Exist","这个卡组名已存在。"
"GameData_BattleFlavor_0","正在充满 goo 瓶"
"GameData_BattleFlavor_1","洗牌"
"GameData_BattleFlavor_2","把对战场地擦得锃亮"
"GameData_BattleFlavor_3","检查线路中"
"GameData_BattleFlavor_4","正在准备元素"
"GameData_BattleFlavor_5","正在唤醒英雄"
"GameData_BattleFlavor_6","热身中"
"GameData_BattleFlavor_7","别忘了补充水分"
"GameData_BattleFlavor_8","正在排兵布阵"
"GameData_BattleFlavor_9","观众们开始欢呼"
"GameData_BattleFlavor_10","把爪子打磨锐利"
"GameData_BattleFlavor_11","垃圾话时间"
"GameData_BuffsToolTip_Feral","当被投入时，这个生物可以开始攻击。"
"GameData_BuffsToolTip_Heavy","敌人必须先攻击这个生物。"
"GameData_BuffsToolTip_Entry","当这个生物被投入时激活技能。"
"GameData_BuffsToolTip_Death","当这个生物死亡时激活技能。"
"GameData_BuffsToolTip_Attack","技能会在此生物攻击时激活。"
"GameData_BuffsToolTip_Freeze","被冻结的生物失去下一次攻击机会。"
"GameData_BuffsToolTip_Flash","此生物一回合可攻击两次。"
"GameData_BuffsToolTip_Destroy","生物被此攻击或损伤将死亡。"
"GameData_BuffsToolTip_Distract","被干扰的生物将失去所有技能、效果和增益。"
"GameData_BuffsToolTip_Swing","对目标相邻的生物造成 X 点伤害"
"GameData_BuffsToolTip_Rage","技能会在此生物受到攻击时激活。"
"GameData_BuffsToolTip_Delayed","技能会在你下回合的开始时激活。"
"GameData_BuffsToolTip_Turn","对战中，技能会在你每个回合开始时激活。"
"GameData_BuffsToolTip_End","对战中，技能会在你每个回合结束时激活。"
"GameData_BuffsToolTip_Overflow","仅在本回合，获得超过 goo 最大值的 X 个 goo"
"GameData_BuffsToolTip_Guard","防止来自下一个来源的所有伤害，然后移除此技能。"
"GameData_BuffsToolTip_Devour","消灭一个生物将会获得其攻击和/或防御值"
"GameData_BuffsToolTip_Shatter","对冰冻的敌人造成 +X 伤害"
"GameData_BuffsToolTip_Reanimate","此生物死亡后会被重新召唤，然后此技能被移除。"
"GameData_BuffsToolTip_Restore","为损伤的生物添加防御值至其最大防御值。"
"GameData_BuffsToolTip_Blitz","当此生物进入战场时，可随即攻击其他生物。"
"GameData_Champion_Name_0","Brakuus"
"GameData_Champion_ShortDescription_0","The Guardian"
"GameData_ChampionSkill_Title_0","Harden"
"GameData_ChampionSkill_Description_0","给你的英雄 + 2 防御"
"GameData_ChampionSkill_Title_1","Stoneskin"
"GameData_ChampionSkill_Description_1","给一个同盟土系生物 +1 防御"
"GameData_ChampionSkill_Title_2","Fortify"
"GameData_ChampionSkill_Description_2","给一个同盟土系生物重型技能"
"GameData_ChampionSkill_Title_3","Phalanx"
"GameData_ChampionSkill_Description_3","给所有同盟土系生物 +1 防御"
"GameData_ChampionSkill_Title_4","Fortress"
"GameData_ChampionSkill_Description_4","给任意2个同盟土系生物重型技能"
"GameData_Champion_Name_1","Razu"
"GameData_Champion_ShortDescription_1","The Fire Daemon"
"GameData_ChampionSkill_Title_5","Fire Bolt"
"GameData_ChampionSkill_Description_5","对目标造成1点伤害"
"GameData_ChampionSkill_Title_6","Rabies"
"GameData_ChampionSkill_Description_6","给一个同盟火系生物野性技能"
"GameData_ChampionSkill_Title_7","Fireball"
"GameData_ChampionSkill_Description_7","对目标造成2点伤害"
"GameData_ChampionSkill_Title_8","Mass Rabies"
"GameData_ChampionSkill_Description_8","给任意2个同盟火系生物野性技能"
"GameData_ChampionSkill_Title_9","Meteor Shower"
"GameData_ChampionSkill_Description_9","对所有生物造成2点伤害"
"GameData_Champion_Name_2","Vash'Kala"
"GameData_Champion_ShortDescription_2","The Ancient One"
"GameData_ChampionSkill_Title_10","冻结"
"GameData_ChampionSkill_Description_10","冻结1个生物"
"GameData_ChampionSkill_Title_11","Ice Bolt"
"GameData_ChampionSkill_Description_11","对目标生物造成2点伤害。如果目标幸存，冻结它。"
"GameData_ChampionSkill_Title_12","Ice Wall"
"GameData_ChampionSkill_Description_12","给目标水系生物或者你的英雄添加2点防御"
"GameData_ChampionSkill_Title_13","Shatter"
"GameData_ChampionSkill_Description_13","摧毁1个冷冻的敌方生物"
"GameData_ChampionSkill_Title_14","暴风雪"
"GameData_ChampionSkill_Description_14","冻结任意2个敌方生物"
"GameData_Champion_Name_3","Kalile"
"GameData_Champion_ShortDescription_3","Tempest of Storms"
"GameData_ChampionSkill_Title_15","Push"
"GameData_ChampionSkill_Description_15","用尽剩余的 goo 把1个等价或更少 goo 成本的生物返回到所有者的手牌里"
"GameData_ChampionSkill_Title_16","Draw"
"GameData_ChampionSkill_Description_16","抽1张卡牌"
"GameData_ChampionSkill_Title_17","Wind Shield"
"GameData_ChampionSkill_Description_17","给任意1个同盟风系生物防卫技能"
"GameData_ChampionSkill_Title_18","Levitate"
"GameData_ChampionSkill_Description_18","Reduce the cost of a random card in your hand by 1"
"GameData_ChampionSkill_Title_19","Retreat"
"GameData_ChampionSkill_Description_19","将所有生物返回其所有者的手牌"
"GameData_Champion_Name_4","Mhalik"
"GameData_Champion_ShortDescription_4","Lord of Pestilence"
"GameData_ChampionSkill_Title_20","Poison Dart"
"GameData_ChampionSkill_Description_20","Deal 1 damage to an enemy"
"GameData_ChampionSkill_Title_21","Toxic Power"
"GameData_ChampionSkill_Description_21","Deal 1 damage to an ally Toxic creature and give it +1 Atk"
"GameData_ChampionSkill_Title_22","Breakout"
"GameData_ChampionSkill_Description_22","Deal 1 damage to 5 random enemies"
"GameData_ChampionSkill_Title_23","Infect"
"GameData_ChampionSkill_Description_23","Destroy an ally Toxic creature, deal its Atk to a random enemy creature"
"GameData_ChampionSkill_Title_24","Epidemic"
"GameData_ChampionSkill_Description_24","Destroy an 2 random Toxic creatures, deal their Atk to 2 enemy creatures"
"GameData_Champion_Name_5","Valash"
"GameData_Champion_ShortDescription_5","Nature's Warden"
"GameData_ChampionSkill_Title_25","Healing Touch"
"GameData_ChampionSkill_Description_25","Restore 2 Def to an ally creature"
"GameData_ChampionSkill_Title_26","Mend"
"GameData_ChampionSkill_Description_26","Restore 2 Def to your Champion"
"GameData_ChampionSkill_Title_27","Resurrect"
"GameData_ChampionSkill_Description_27","复活任意一个 3 goo 成本的同盟生命系生物"
"GameData_ChampionSkill_Title_28","Enhance"
"GameData_ChampionSkill_Description_28","给所有同盟生命系生物和你的英雄恢复2点防御值"
"GameData_ChampionSkill_Title_29","复活"
"GameData_ChampionSkill_Description_29","复活任意2个同盟生命系生物"
"GameData_Cards_Name_1","轻语者"
"GameData_Cards_Name_2","狂风"
"GameData_Cards_Name_5","洛奇"
"GameData_Cards_Name_10","小火拳"
"GameData_Cards_Name_19","蜂农"
"GameData_Cards_Name_33","控脑章鱼"
"GameData_Cards_Name_34","瑜伽大师"
"GameData_Cards_Name_62","掷弹兵"
"GameData_Cards_Name_73","无限生长"
"GameData_Cards_Name_82","刺客"
"GameData_Cards_Name_105","火靴"
"GameData_Cards_Name_106","燃煤"
"GameData_Cards_Name_113","灭火器"
"GameData_Cards_Name_101","石莱伯"
"GameData_Cards_Name_118","紧箍圈"
"GameData_Cards_Name_119","推土机"
"GameData_Cards_Name_121","分裂"
"GameData_Cards_Name_127","细胞外质"
"GameData_Cards_Name_141","大漩涡"
"GameData_Cards_Name_151","隐患"
"GameData_Cards_Name_115","铁锹"
"GameData_Cards_Name_249","Harpoon"
"GameData_Cards_Name_154","双管手枪"
"GameData_Cards_Name_57","碎石"
"GameData_Cards_Name_76","涅槃"
"GameData_Cards_Name_68","口哨"
"GameData_Cards_Name_11","玩火小子"
"GameData_Cards_Name_12","灰烬之躯"
"GameData_Cards_Name_13","熔岩巨人"
"GameData_Cards_Name_14","火喉"
"GameData_Cards_Name_15","订书机"
"GameData_Cards_Name_16","钉子炸弹"
"GameData_Cards_Name_17","空goo瓶"
"GameData_Cards_Name_123","树皮"
"GameData_Cards_Name_67","怒火将军"
"GameData_Cards_Name_24","毒酒"
"GameData_Cards_Name_25","食尸者"
"GameData_Cards_Name_28","制冰机"
"GameData_Cards_Name_98","路障"
"GameData_Cards_Name_31","海啸"
"GameData_Cards_Name_116","手推车"
"GameData_Cards_Name_50","预言家"
"GameData_Cards_Name_44","无底胃"
"GameData_Cards_Name_59","刺猬"
"GameData_Cards_Name_3","暴风使者"
"GameData_Cards_Name_4","宙斯"
"GameData_Cards_Name_7","巨石"
"GameData_Cards_Name_138","冰柱"
"GameData_Cards_Name_26","危险物"
"GameData_Cards_Name_30","刨冰仔"
"GameData_Cards_Name_37","三头犬"
"GameData_Cards_Name_64","狂犬病"
"GameData_Cards_Name_74","救生员"
"GameData_Cards_Name_142","风影忍者"
"GameData_Cards_Name_81","串肉扦"
"GameData_Cards_Name_87","冰雪战士"
"GameData_Cards_Name_239","Zky"
"GameData_Cards_Name_240","Zonic"
"GameData_Cards_Name_241","Zwoop"
"GameData_Cards_Name_108","爆裂"
"GameData_Cards_Name_120","植物精灵"
"GameData_Cards_Name_242","Duzt"
"GameData_Cards_Name_6","石魔"
"GameData_Cards_Name_244","Zolid"
"GameData_Cards_Name_246","Flare"
"GameData_Cards_Name_247","Hot"
"GameData_Cards_Name_248","Bazooka"
"GameData_Cards_Name_250","Huzk"
"GameData_Cards_Name_251","Wood"
"GameData_Cards_Name_252","Trunk"
"GameData_Cards_Name_253","Gloop"
"GameData_Cards_Name_254","Bane"
"GameData_Cards_Name_255","Ztink"
"GameData_Cards_Name_256","Brook"
"GameData_Cards_Name_21","捆绑大师"
"GameData_Cards_Name_132","Goo斯拉"
"GameData_Cards_Name_39","燃烧瓶"
"GameData_Cards_Name_136","雪屋"
"GameData_Cards_Name_49","雪怪"
"GameData_Cards_Name_65","投火者"
"GameData_Cards_Name_88","溜冰小子"
"GameData_Cards_Name_8","魔山"
"GameData_Cards_Name_9","土墙瓦力"
"GameData_Cards_Name_18","电锯"
"GameData_Cards_Name_22","萨满巫师"
"GameData_Cards_Name_23","鲜花童子"
"GameData_Cards_Name_27","切诺贝尔"
"GameData_Cards_Name_29","洒水车"
"GameData_Cards_Name_32","对撞机"
"GameData_Cards_Name_35","小不点"
"GameData_Cards_Name_36","锤哥"
"GameData_Cards_Name_38","火狼"
"GameData_Cards_Name_42","Z-病毒"
"GameData_Cards_Name_43","乾坤树"
"GameData_Cards_Name_45","饲养员"
"GameData_Cards_Name_46","吐汁怪"
"GameData_Cards_Name_47","大胃王"
"GameData_Cards_Name_48","碎冰者"
"GameData_Cards_Name_61","火成岩"
"GameData_Cards_Name_70","goo烧杯"
"GameData_Cards_Name_75","花农"
"GameData_Cards_Name_85","淤泥"
"GameData_Cards_Name_90","暴风雪"
"GameData_Cards_Name_94","旋风武僧"
"GameData_Cards_Name_96","征兵官"
"GameData_Cards_Name_97","季风闪电"
"GameData_Cards_Name_103","破墙铁"
"GameData_Cards_Name_104","地神盖娅"
"GameData_Cards_Name_117","鲜肉"
"GameData_Cards_Name_143","盖兹"
"GameData_Cards_Name_145","火山口"
"GameData_Cards_Name_146","钟楼"
"GameData_Cards_Name_148","树液"
"GameData_Cards_Name_149","仙人掌"
"GameData_Cards_Name_150","败血症"
"GameData_Cards_Name_152","渗透压"
"GameData_Cards_Name_153","喷泉"
"GameData_Cards_Name_133","积雪"
"GameData_Cards_Name_128","废水"
"GameData_Cards_Name_134","钟乳石"
"GameData_Cards_Name_139","冻疮"
"GameData_Cards_Name_122","琥珀"
"GameData_Cards_Name_126","细菌"
"GameData_Cards_Name_91","微风"
"GameData_Cards_Name_93","电击狂人"
"GameData_Cards_Name_79","黏液"
"GameData_Cards_Name_54","冲浪高手"
"GameData_Cards_Name_40","钉棒"
"GameData_Cards_Name_41","超级血清"
"GameData_Cards_Name_51","挡风屏"
"GameData_Cards_Name_52","风行者"
"GameData_Cards_Name_53","风暴眼"
"GameData_Cards_Name_55","龙卷风"
"GameData_Cards_Name_56","飞石"
"GameData_Cards_Name_58","保护者"
"GameData_Cards_Name_60","守门人"
"GameData_Cards_Name_66","怒火冲天"
"GameData_Cards_Name_69","补给包"
"GameData_Cards_Name_71","喷枪电锯"
"GameData_Cards_Name_72","急救箱"
"GameData_Cards_Name_77","园丁"
"GameData_Cards_Name_80","清道夫"
"GameData_Cards_Name_83","不死之身"
"GameData_Cards_Name_144","聚宝坑"
"GameData_Cards_Name_89","冰矛武士"
"GameData_Cards_Name_102","暴躁石"
"GameData_Cards_Name_109","火翼杀手"
"GameData_Cards_Name_110","阿尔法"
"GameData_Cards_Name_111","焰雨"
"GameData_Cards_Name_112","火把"
"GameData_Cards_Name_124","播种者"
"GameData_Cards_Name_125","禁果"
"GameData_Cards_Name_129","长臂史洛伯"
"GameData_Cards_Name_130","定时炸弹"
"GameData_Cards_Name_131","类固醇"
"GameData_Cards_Name_135","涡流"
"GameData_Cards_Name_140","泉眼"
"GameData_Cards_Name_137","水花"
"GameData_Cards_Name_100","泥瓦工"
"GameData_Cards_Name_84","污染源"
"GameData_Cards_Name_63","驭火师"
"GameData_Cards_Name_147","怪人"
"GameData_Cards_Name_95","莫西干"
"GameData_Cards_Name_92","报丧女妖"
"GameData_Cards_Name_20","致幻蘑菇"
"GameData_Cards_Name_78","及时雨"
"GameData_Cards_Name_99","页岩"
"GameData_Cards_Name_107","火墙"
"GameData_Cards_Name_86","喷水管"
"GameData_Cards_Name_114","除草机"
"GameData_Cards_Name_243","Rubble"
"GameData_Cards_Name_257","Zteam"
"GameData_Cards_FlavorText_1","来者不善……"
"GameData_Cards_FlavorText_2","青春期，不好惹…… 离他远点吧"
"GameData_Cards_FlavorText_5","艾黛丽安！艾黛丽安！"
"GameData_Cards_FlavorText_10","他超爱 The Prodigy 的歌…… Firestarter……"
"GameData_Cards_FlavorText_19","做自己！"
"GameData_Cards_FlavorText_33","抵抗无效 —— 我们有寿司吃了"
"GameData_Cards_FlavorText_34","唵唵唵唵唵唵"
"GameData_Cards_FlavorText_62","躲避球，有人玩吗？"
"GameData_Cards_FlavorText_73","这已经是今天掉的第5只胳膊了。"
"GameData_Cards_FlavorText_82","你在明处，他在暗处"
"GameData_Cards_FlavorText_105","赫耳墨斯没穿翼靴！"
"GameData_Cards_FlavorText_106","炭火烧烤来一串！"
"GameData_Cards_FlavorText_113","噗呲呲呲呲呲呲呲呲呲"
"GameData_Cards_FlavorText_101","控制住所有情绪真的会有副作用……"
"GameData_Cards_FlavorText_118","没有脑子！！！"
"GameData_Cards_FlavorText_119","当你真的很想和别人站在同一水平线上……"
"GameData_Cards_FlavorText_121","出，出……出去啊！！"
"GameData_Cards_FlavorText_127","你瞅啥？！"
"GameData_Cards_FlavorText_141","虽然有时转晕了会吐，但是吓人的表情不能崩！"
"GameData_Cards_FlavorText_151","马上就到达 Goo 匿名大会了……马上……"
"GameData_Cards_FlavorText_115","只是一只友善的邻家铁锹！！"
"GameData_Cards_FlavorText_249","Great against legendary sea creatures"
"GameData_Cards_FlavorText_154","我们会怀念你的！"
"GameData_Cards_FlavorText_57","时间是我们最大的对手"
"GameData_Cards_FlavorText_76","猜猜谁回来了？"
"GameData_Cards_FlavorText_68","过来，立即马上！"
"GameData_Cards_FlavorText_11","就喜欢亮瞎眼的颜色，怪他咯？"
"GameData_Cards_FlavorText_12","好热，好热，一直都好热！"
"GameData_Cards_FlavorText_13","（唱）Under pressure... coming down on you..."
"GameData_Cards_FlavorText_14","火势未平，注意避让！"
"GameData_Cards_FlavorText_15","不痛能好？"
"GameData_Cards_FlavorText_16","当你真的想搞“钉”它的时候！"
"GameData_Cards_FlavorText_17","给这个派对再加点料，让它更燃！"
"GameData_Cards_FlavorText_123","快被它咬坏了啊！"
"GameData_Cards_FlavorText_67","我才是冠军 —— 朋友们！！只有我配！！！"
"GameData_Cards_FlavorText_24","他就像周五狂欢后的那个小子 ——  鼓着肚皮、酒气熏天、时不时还呕吐，待在他旁边肯定不舒服……"
"GameData_Cards_FlavorText_25","当死人还是有好处的，只是这次时间湿度都不太友好 —— 腐肉已经开始侵蚀骨头了。"
"GameData_Cards_FlavorText_28","呆在原地不动的话，会更冷的！"
"GameData_Cards_FlavorText_98","稍稍再等一会儿……"
"GameData_Cards_FlavorText_31","召唤一场大雨，瞬间清洗整个城市。"
"GameData_Cards_FlavorText_116","真好玩……直到有人失去一只眼睛或者他的头！"
"GameData_Cards_FlavorText_50","差不多和福饼一样灵验……只是没有饼……"
"GameData_Cards_FlavorText_44","好饿好饿好饿，每天都好饿"
"GameData_Cards_FlavorText_59","站直了……说不定他们就注意不到了"
"GameData_Cards_FlavorText_3","雷神大弟子要发飙了……"
"GameData_Cards_FlavorText_4","来自天上的奥林匹斯山 —— 威力无边，敬畏吧！"
"GameData_Cards_FlavorText_7","有本事再靠近一步！"
"GameData_Cards_FlavorText_138","他就是喜欢冰糖葫芦串"
"GameData_Cards_FlavorText_26","套在塑料制服里可不是好玩的 —— 再加上那些毒气，那感觉得难受1000倍，得找地方撒撒气了……"
"GameData_Cards_FlavorText_30","他就喜欢用冰雕装饰一切！"
"GameData_Cards_FlavorText_37","三个臭皮匠，顶个诸葛亮。"
"GameData_Cards_FlavorText_64","眼睛发红 —— 确认！唾液过多 —— 确认！身体颤抖 —— 确认！快，吃片止痛药。"
"GameData_Cards_FlavorText_74","需要（帮）手吗？"
"GameData_Cards_FlavorText_142","螺——旋——丸——！！"
"GameData_Cards_FlavorText_81","来，靠近点，再近点……"
"GameData_Cards_FlavorText_87","被抓住时，记得要唱：“let it go, let it go..”哦"
"GameData_Cards_FlavorText_239","Up, up, and away!"
"GameData_Cards_FlavorText_240","Yells so loud, nobody wants to come near it"
"GameData_Cards_FlavorText_241","Likes to kill-steal"
"GameData_Cards_FlavorText_108","有些人就是喜欢被烫嘴！"
"GameData_Cards_FlavorText_120","真是个讨——噢是你啊——人喜欢的小可爱"
"GameData_Cards_FlavorText_242","To dust you shall return!"
"GameData_Cards_FlavorText_6","额，什么么么么？"
"GameData_Cards_FlavorText_244","What happens when an unstoppable force meets an immovable object?"
"GameData_Cards_FlavorText_246","Ready, get set... Go!"
"GameData_Cards_FlavorText_247","Just as it says on the tin"
"GameData_Cards_FlavorText_248","When you need a little extra firepower"
"GameData_Cards_FlavorText_250","An empty shell of what it was"
"GameData_Cards_FlavorText_251","Make like a tree -- and leave!"
"GameData_Cards_FlavorText_252","If a tree falls in a forest and no one is around to hear it, does it make a sound?"
"GameData_Cards_FlavorText_253","Blub...blub...blub"
"GameData_Cards_FlavorText_254","Occasionally can't tell friend from foe"
"GameData_Cards_FlavorText_255","Can't figure out why it's got no friends"
"GameData_Cards_FlavorText_256","All tidal waves must start from a single drop"
"GameData_Cards_FlavorText_21","好像有点太刺激了？！"
"GameData_Cards_FlavorText_132","更多，更多，更多的 GOO！把所有 GOO 都给我！"
"GameData_Cards_FlavorText_39","不适合小白和轻量级选手"
"GameData_Cards_FlavorText_136","寒冷再也不能烦扰他了"
"GameData_Cards_FlavorText_49","也许雪真的有魔力？！但黄雪肯定没有……"
"GameData_Cards_FlavorText_65","咔嚓！！投中了"
"GameData_Cards_FlavorText_88","太喜欢溜冰了！"
"GameData_Cards_FlavorText_8","山不过来，我就过去。山若过来……那就快跑哇！"
"GameData_Cards_FlavorText_9","伊伊伊伊娃"
"GameData_Cards_FlavorText_18","别说骨肉，就连钢铁都能锯，难怪人见人爱！"
"GameData_Cards_FlavorText_22","篝火独舞有点好笑，把死去的朋友全都叫来才叫好玩！"
"GameData_Cards_FlavorText_23","我的那些花儿"
"GameData_Cards_FlavorText_27","在黄油做成的世界里，步履蹒跚，老得很快，也许就是他暴躁的原因。"
"GameData_Cards_FlavorText_29","炎炎夏日的城市街头，备受欢迎。"
"GameData_Cards_FlavorText_32","从小他就喜欢撞东西 —— 尤其喜欢用石头撞石头……"
"GameData_Cards_FlavorText_35","饼干……再来块饼干……"
"GameData_Cards_FlavorText_36","会锤烂你所有盾墙！"
"GameData_Cards_FlavorText_38","停停停，你会把狼招来的"
"GameData_Cards_FlavorText_42","宇宙无敌，Z-Virus 派对！"
"GameData_Cards_FlavorText_43","在这样的情况下，我有许多羁绊牵挂！！"
"GameData_Cards_FlavorText_45","他们通常都是可爱的动物……"
"GameData_Cards_FlavorText_46","我家有只大羊驼……呸呸呸……"
"GameData_Cards_FlavorText_47","吧唧吧唧吧唧……"
"GameData_Cards_FlavorText_48","那天熔岩巨人要根牙签……得超级冰才能用……"
"GameData_Cards_FlavorText_61","嗯～什么都无法和早晨新鲜的煤渣和灰烬味道相比"
"GameData_Cards_FlavorText_70","goo 太多，瓶太少"
"GameData_Cards_FlavorText_75","每隔一小时都必须给花施次肥"
"GameData_Cards_FlavorText_85","来吧，放马过来！！"
"GameData_Cards_FlavorText_90","无法加入他们，那就冻结他们！"
"GameData_Cards_FlavorText_94","做一个好哨兵，然后——"
"GameData_Cards_FlavorText_96","不是你的爸爸……希望如此……"
"GameData_Cards_FlavorText_97","电击疗法真是太有效了"
"GameData_Cards_FlavorText_103","气得我要穿墙了！"
"GameData_Cards_FlavorText_104","或者魅力无穷，或者惊悚无比……或者两者兼备"
"GameData_Cards_FlavorText_117","就像他们又死了一次，然后去了生物天堂"
"GameData_Cards_FlavorText_143","不，不，不，不要是小仓鼠，不要是圆滚滚的仓鼠球啊……"
"GameData_Cards_FlavorText_145","尝试解决他那火山表面的皮肤……但坑怎么越来越深"
"GameData_Cards_FlavorText_146","念念不忘那教堂钟声，必有回响……"
"GameData_Cards_FlavorText_148","永远也吃不腻那美味的 Goo 呀"
"GameData_Cards_FlavorText_149","在沙漠里走了 40 年后，他终于发现自己一直在绕圈走……"
"GameData_Cards_FlavorText_150","走了四步之后，他终于放弃走直线，直接开始吐了"
"GameData_Cards_FlavorText_152","他总是喜欢说些 Goo 的段子"
"GameData_Cards_FlavorText_153","现在没有跳舞的心情……"
"GameData_Cards_FlavorText_133","诶嘿嘿诶嘿嘿嘿嘿"
"GameData_Cards_FlavorText_128","闻起来真醒神"
"GameData_Cards_FlavorText_134","他还记得北境"
"GameData_Cards_FlavorText_139","他已经花了一千年尝试逃出来——全球变暖，感谢你！！"
"GameData_Cards_FlavorText_122","真·行走的博物馆"
"GameData_Cards_FlavorText_126","呲溜……噢……这只手臂也没了……"
"GameData_Cards_FlavorText_91","保持平衡——没有你想象得那么容易……"
"GameData_Cards_FlavorText_93","呲啦呲啦……噼里啪啦……大家一起来跳舞……"
"GameData_Cards_FlavorText_79","喜欢到处撒毒goo"
"GameData_Cards_FlavorText_54","一分钱换空气，要不要？？"
"GameData_Cards_FlavorText_40","简单，但是超好用"
"GameData_Cards_FlavorText_41","队长，goo来了！！"
"GameData_Cards_FlavorText_51","像水一样 —— 虽然只是风"
"GameData_Cards_FlavorText_52","快回来"
"GameData_Cards_FlavorText_53","源头处还有更多！"
"GameData_Cards_FlavorText_55","有点反社会……愤怒管理上有问题"
"GameData_Cards_FlavorText_56","老是忘记带脑子……走哪丢哪……"
"GameData_Cards_FlavorText_58","一直都要用保护措施哦"
"GameData_Cards_FlavorText_60","天气预报说是晴天的……没人说要下火球啊"
"GameData_Cards_FlavorText_66","可别惹他生气，他要是发作，你可招架不住。"
"GameData_Cards_FlavorText_69","杰罗尼莫 ！"
"GameData_Cards_FlavorText_71","之前在哪儿见过这个玩意儿4次？"
"GameData_Cards_FlavorText_72","1888年就开始救死扶伤了"
"GameData_Cards_FlavorText_77","兄弟杰克会以他为荣"
"GameData_Cards_FlavorText_80","是我的，全都是我的！"
"GameData_Cards_FlavorText_83","最佳生存策略：“永不放弃”"
"GameData_Cards_FlavorText_144","一滴都不能撒"
"GameData_Cards_FlavorText_89","哎呀，真不想指出来……"
"GameData_Cards_FlavorText_102","又到周六了？！
这个循环真的让我心态崩了"
"GameData_Cards_FlavorText_109","从小就想变成超人……"
"GameData_Cards_FlavorText_110","来，靠拢，一起嚎叫"
"GameData_Cards_FlavorText_111","下雨天和……火焰更配呢！"
"GameData_Cards_FlavorText_112","你喷的火，是我的造型"
"GameData_Cards_FlavorText_124","种豆得豆，种手得手"
"GameData_Cards_FlavorText_125","如果你播下种子……丰收时会得到一个王炸"
"GameData_Cards_FlavorText_129","拖着累死了……"
"GameData_Cards_FlavorText_130","想要和所有人分享爱——来一个抱抱吗？！？"
"GameData_Cards_FlavorText_131","需要离他的粉丝远一些，因为他们都觊觎着他的“内在美”"
"GameData_Cards_FlavorText_135","啊啊啊，永远都不满意……"
"GameData_Cards_FlavorText_140","多少 goo 都不够……来尝一口吧"
"GameData_Cards_FlavorText_137","嘿，伙计，看我怎么收拾这帮呆子！"
"GameData_Cards_FlavorText_100","这将会是，世界上最漂亮的城堡！"
"GameData_Cards_FlavorText_84","把goo蔓延到你家附近的水源"
"GameData_Cards_FlavorText_63","是对未来还是对另一个维度的展望？谁知道呢？"
"GameData_Cards_FlavorText_147","抱一抱呀那个抱一抱……"
"GameData_Cards_FlavorText_95","出了德州怎么风还那么大"
"GameData_Cards_FlavorText_92","不好意思，今年鬼屋的行程已经订满了"
"GameData_Cards_FlavorText_20","有些人喜欢种花，有些人就喜欢种致幻毒蘑菇……"
"GameData_Cards_FlavorText_78","下雨吧！！！"
"GameData_Cards_FlavorText_99","伙计真棒！"
"GameData_Cards_FlavorText_107","战场上有个喜欢纵火的家伙真是帮大忙了"
"GameData_Cards_FlavorText_86","这位喷水界的东方不败，30米开外的小松鼠都能准确击中"
"GameData_Cards_FlavorText_114","它能处理植物——和生物……等等，什么？！"
"GameData_Cards_FlavorText_243","Finds pieces of itself all over the battlefield"
"GameData_Cards_FlavorText_257","Its name is a paradox"
"GameData_Cards_Description_2","<b>入场：</b>将1个生物返回所有者的手牌里。"
"GameData_Cards_Description_5","<b>入场：</b>给1个同盟生物 +2 防御值。"
"GameData_Cards_Description_19","<b>入场：</b> 将一张同样的卡牌投入。"
"GameData_Cards_Description_33","<b>入场：</b> 控制任意一个敌方生物。"
"GameData_Cards_Description_34","<b>入场：</b>手牌中随机一张牌的成本减少 1 。"
"GameData_Cards_Description_62","<b>入场：</b>给一个同盟生物 +2 攻击值。"
"GameData_Cards_Description_82","<b>野性</b>、<b>摧毁</b>"
"GameData_Cards_Description_105","<b>野性</b>"
"GameData_Cards_Description_106","<b>野性</b>"
"GameData_Cards_Description_113","<b>入场：</b> 冻结所有敌方生物。"
"GameData_Cards_Description_118","控制一个敌方生物。"
"GameData_Cards_Description_119","摧毁场上的所有生物。"
"GameData_Cards_Description_121","<b>入场：</b> 将一张同样的卡牌投入。"
"GameData_Cards_Description_127","<b>入场：</b> 失去 1 个 goo 瓶。"
"GameData_Cards_Description_141","<b>入场：</b> 将所有其他生物返回其所有者。"
"GameData_Cards_Description_151","<b>入场：</b>失去 2 个 goo 瓶。"
"GameData_Cards_Description_115","<b>选择：</b> 造成 3 点伤害，或恢复 +3 防御值。"
"GameData_Cards_Description_249","对一个敌人造成 6 点伤害"
"GameData_Cards_Description_154","对所有敌方生物造成 2 点伤害。"
"GameData_Cards_Description_57","<b>重型、死亡：</b> 抽一张牌"
"GameData_Cards_Description_76","<b>死亡：</b> 将此卡牌返回你的卡组。"
"GameData_Cards_Description_68","抽一张牌。"
"GameData_Cards_Description_12","<b>入场：</b> 对一个敌人造成 4 点伤害。"
"GameData_Cards_Description_13","<b>入场：</b>对一个敌人造成 8 点伤害。"
"GameData_Cards_Description_14","<b>闪击</b>"
"GameData_Cards_Description_15","给一个生物 +4 防御值。"
"GameData_Cards_Description_16","对一个生物及其相邻的生物造成 5 点伤害。"
"GameData_Cards_Description_17","获得 2 个空 goo 瓶。"
"GameData_Cards_Description_67","<b>入场：</b> 给一个同盟生物 +5 攻击值。"
"GameData_Cards_Description_25","<b>攻击：</b> 对你的英雄造成 3 点伤害。"
"GameData_Cards_Description_28","冻结被此攻击的生物。"
"GameData_Cards_Description_98","<b>重型</b>"
"GameData_Cards_Description_31","<b>入场：</b>对所有敌方生物造成 5 点伤害。"
"GameData_Cards_Description_116","给一个生物<b>溅伤</b>技能。"
"GameData_Cards_Description_50","<b>死亡：</b>抽与场上同盟生物数量相等张数的牌。"
"GameData_Cards_Description_44","当此牌在场上时，所有同盟生物获得 +1 攻击值。"
"GameData_Cards_Description_59","当此牌在场上时，对所有攻击此的生物造成 2 点伤害。"
"GameData_Cards_Description_3","<b>死亡：</b>双方玩家抽 2 张牌。"
"GameData_Cards_Description_4","<b>回合结束：</b> 对所有敌方生物造成 2 点伤害。"
"GameData_Cards_Description_7","<b>入场：</b>给一个生物<b>重型</b>技能。"
"GameData_Cards_Description_138","<b>入场：</b>摧毁一个比此生物成本更高的敌方生物。"
"GameData_Cards_Description_26","<b>入场：</b>给一个同盟生物<b>摧毁</b>技能。"
"GameData_Cards_Description_30","<b>入场：</b><b>冻结</b>一个敌方生物及其相邻生物。"
"GameData_Cards_Description_37","<b>溅伤</b>"
"GameData_Cards_Description_64","<b>入场：</b>对所有其他生物造成 1 点伤害。"
"GameData_Cards_Description_74","<b>入场：</b>给一个同盟生物 +3/+3 攻击/防御值。"
"GameData_Cards_Description_142","<b>入场：</b> 本回合获得一个 goo 瓶。"
"GameData_Cards_Description_81","<b>摧毁</b>，当此牌在场上时，你的生物成本增加 2 。"
"GameData_Cards_Description_239","<b>入场：</b>抽一张牌。"
"GameData_Cards_Description_240","<b>防卫</b>"
"GameData_Cards_Description_241","<b>入场：</b>干扰一个敌方重型生物。"
"GameData_Cards_Description_108","<b>回合结束：</b>对任意一个敌方生物造成 2 点伤害。"
"GameData_Cards_Description_120","<b>入场：</b>给一个生物 +1/+1 攻击/防御值。"
"GameData_Cards_Description_242","<b>重型</b>"
"GameData_Cards_Description_6","<b>重型</b>、<b>狂怒：</b> 抽一张牌。"
"GameData_Cards_Description_244","<b>重型</b>"
"GameData_Cards_Description_246","<b>野性</b>"
"GameData_Cards_Description_248","对一个生物造成 10 点伤害。"
"GameData_Cards_Description_250","<b>复活</b>"
"GameData_Cards_Description_251","<b>复活</b>"
"GameData_Cards_Description_253","<b>摧毁</b>"
"GameData_Cards_Description_254","<b>死亡：</b>对你的英雄造成 5 点伤害。"
"GameData_Cards_Description_255","<b>防卫、摧毁</b>"
"GameData_Cards_Description_256","<b>入场：</b> 冻结一个生物。"
"GameData_Cards_Description_21","当此牌在场上时，给所有同盟生物 +2 防御值。"
"GameData_Cards_Description_132","<b>入场：</b>给一个生物 +6/-6 攻击/防御值。"
"GameData_Cards_Description_39","摧毁任意一个生物。"
"GameData_Cards_Description_136","<b>入场：</b>给一个同盟生物 +3/+2 攻击/防御值。"
"GameData_Cards_Description_49","<b>重型</b>，冻结此牌损伤的生物。"
"GameData_Cards_Description_65","<b>入场：</b>对一个敌人造成 1 点伤害。"
"GameData_Cards_Description_88","<b>入场：</b>干扰一个敌方生物。"
"GameData_Cards_Description_8","当此牌在场上时，任何来源的攻击都只造成最高 2 点伤害。"
"GameData_Cards_Description_9","<b>入场：</b>给相邻生物 +1/+2 攻击/防御值和<b>重型</b>技能。"
"GameData_Cards_Description_18","给一个生物 +7/-7 攻击/防御值。"
"GameData_Cards_Description_22","<b>回合结束：</b> 给所有其他同盟生物恢复 2 点防御值。"
"GameData_Cards_Description_23","<b>复活</b>"
"GameData_Cards_Description_27","<b>入场：</b>摧毁所有其他生物。"
"GameData_Cards_Description_29","<b>入场：</b>如果你的防御值为 25 或更低，对一个敌人造成 4 点伤害。"
"GameData_Cards_Description_32","<b>入场：</b>给一个同盟生物<b>防卫</b>技能。"
"GameData_Cards_Description_35","<b>重型、回合结束：</b>+2 防御值。"
"GameData_Cards_Description_36","<b>入场：</b>摧毁一个拥有<b>重型</b>技能的敌方生物。"
"GameData_Cards_Description_38","<b>入场：</b>给一个同盟生物<b>野性</b>技能。"
"GameData_Cards_Description_42","当此牌在场上时，从相邻的、非【Z-病毒】的生物手中获取其攻击和防御值。"
"GameData_Cards_Description_43","<b>死亡：</b>从你丢弃的牌中抽取随机 3 个生物投入战场。"
"GameData_Cards_Description_45","<b>入场：</b>将随机一个 2 goo 成本的生物投入战场。"
"GameData_Cards_Description_46","<b>回合结束：</b>对你的英雄造成 1 点伤害。"
"GameData_Cards_Description_47","<b>入场：摧毁</b>所有同盟生物。"
"GameData_Cards_Description_48","<b>入场：</b>摧毁一个<b>冻结</b>的敌方生物。"
"GameData_Cards_Description_61","<b>入场：</b>如果你的英雄防御值为 10 或更低，+2 防御值。"
"GameData_Cards_Description_70","获得 1 个空 goo 瓶"
"GameData_Cards_Description_75","<b>入场：</b>抽与场上敌方生物数量相等张数的牌。"
"GameData_Cards_Description_85","</b>死亡：</b>对和此生物有相同攻击值的所有其他生物造成伤害。"
"GameData_Cards_Description_90","<b>入场：</b> 冻结所有敌方生物。"
"GameData_Cards_Description_94","<b>入场：</b>相邻生物获得<b>防卫</b>技能。"
"GameData_Cards_Description_96","<b>入场：</b>从敌方卡组中抽一张牌。"
"GameData_Cards_Description_97","当此牌在手牌中时，每过一回合成本就减少 1 。"
"GameData_Cards_Description_103","<b>狂怒：</b>+3 攻击值。"
"GameData_Cards_Description_104","<b>入场：</b>给所有同盟生物<b>重型</b>技能。"
"GameData_Cards_Description_117","在本回合，将所有敌方生物的攻击值变为 1 。"
"GameData_Cards_Description_143","<b>防卫</b>"
"GameData_Cards_Description_145","<b>入场：</b>如果此生物是你在场上的唯一生物，获得一个空 goo 瓶。"
"GameData_Cards_Description_146","<b>入场：</b>如果敌方防御值为 30 或更低，获得一个空 goo 瓶。"
"GameData_Cards_Description_148","<b>死亡：</b>本回合获得 1 个 goo 瓶。"
"GameData_Cards_Description_149","<b>入场：</b>本回合获得 2 个 goo 瓶。"
"GameData_Cards_Description_150","当此牌在场上时，获得与你未用 goo 的数量相等的攻击和防御值。"
"GameData_Cards_Description_152","<b>入场：</b>如果你的防御值比敌方更低，获得一个 goo 瓶。"
"GameData_Cards_Description_153","<b>入场：</b>如果你在战场上的生物数量少于敌方，获得一个空 goo 瓶。"
"GameData_Cards_Description_133","<b>入场：</b>给一个同盟生物 +1/+2 攻击/防御值。"
"GameData_Cards_Description_128","<b>死亡：</b>失去一个 goo 瓶。"
"GameData_Cards_Description_134","<b>入场：</b>获得与场上敌方生物数量 2 倍的防御值。"
"GameData_Cards_Description_122","<b>入场：</b>双方玩家获得一个空 goo 瓶。"
"GameData_Cards_Description_126","<b>入场：</b>给一个生物 +2/-1 攻击/防御值。"
"GameData_Cards_Description_93","<b>入场：</b>获得与场上同盟生物数量相等的攻击值。"
"GameData_Cards_Description_79","<b>入场：</b>从手牌中随机丢弃一张牌。"
"GameData_Cards_Description_54","当此牌在场上时，手牌中所有生物的成本减少 1 。"
"GameData_Cards_Description_40","干扰一个生物并给它 +3/-3 攻击/防御值"
"GameData_Cards_Description_41","在你下一回合开始前，生物无法受到损伤。"
"GameData_Cards_Description_51","<b>入场：</b>给你的手牌中随机一个生物 +2/+1 攻击/防御值。"
"GameData_Cards_Description_52","<b>野性</b>，不需要先攻击拥有重型技能的生物。"
"GameData_Cards_Description_53","<b>入场：</b>双方玩家抽一张牌。"
"GameData_Cards_Description_55","当此牌在手中时，减少与场上同盟生物数量相等的goo成本。"
"GameData_Cards_Description_56","<b>狂怒：</b>对敌方英雄造成 2 点伤害。"
"GameData_Cards_Description_58","<b>入场：</b>给一个同盟生物 +4 防御值。"
"GameData_Cards_Description_60","<b>重型</b>、<b>狂怒：</b>+2 攻击值。"
"GameData_Cards_Description_66","<b>入场：</b>本回合给同盟生物 +2 攻击值。"
"GameData_Cards_Description_69","每个玩家从各自卡组中随机抽取一个生物投入战场。"
"GameData_Cards_Description_71","造成相等于你在本次比赛中使用工具牌数量的伤害。"
"GameData_Cards_Description_72","给所有同盟生物恢复 4 点防御值。"
"GameData_Cards_Description_77","<b>死亡：</b>将随机一个 4 goo 成本的生物投入战场。"
"GameData_Cards_Description_80","<b>入场：</b>双方玩家抽一张牌。"
"GameData_Cards_Description_83","<b>死亡：</b>将此牌返回到你的手牌。它的成本增加 1 。"
"GameData_Cards_Description_144","<b>死亡：</b>获得一个空 goo 瓶。"
"GameData_Cards_Description_89","<b>入场：</b>如果此生物是你在场上的唯一生物，获得<b>重型</b>和<b>防卫</b>技能。"
"GameData_Cards_Description_102","<b>入场：</b>如果这是你在场上唯一的生物，它会获得<b>重型</b>技能。"
"GameData_Cards_Description_109","<b>狂怒：</b>对任意一个敌人造成 5 点伤害。"
"GameData_Cards_Description_110","当此牌在场上时，你的生物拥有<b>野性</b>技能。"
"GameData_Cards_Description_111","<b>无法攻击、回合：</b>对随机一个敌人造成 7 点伤害。"
"GameData_Cards_Description_112","摧毁一个生物。"
"GameData_Cards_Description_124","<b>入场：</b>给一个同盟生物<b>复活</b>技能。"
"GameData_Cards_Description_125","<b>死亡：</b>将手牌中成本最高的 2 个生物投入战场。"
"GameData_Cards_Description_129","<b>摧毁</b>"
"GameData_Cards_Description_130","<b>入场：</b>对你的英雄造成 4 点伤害，并获得一个空 goo 瓶。"
"GameData_Cards_Description_131","<b>入场：</b>给一个生物 +4/-2 攻击/防御值。"
"GameData_Cards_Description_135","<b>入场：</b>如果你的防御值比敌方低，将两个同盟的【冰雪战士】投入战场。"
"GameData_Cards_Description_140","当此牌在场上时，你获得一个额外的 goo 瓶。"
"GameData_Cards_Description_137","对所有敌方生物造成 2 点伤害。"
"GameData_Cards_Description_100","<b>回合结束：</b>+1 防御值。"
"GameData_Cards_Description_84","<b>攻击：</b> 本回合获得一个 goo 瓶。"
"GameData_Cards_Description_63","<b>攻击：</b>抽一张牌。"
"GameData_Cards_Description_147","<b>攻击：</b> 本回合获得一个 goo 瓶。"
"GameData_Cards_Description_95","当此牌在手牌中，如果这是手中唯一的生物，成本为 0 。"
"GameData_Cards_Description_92","<b>入场：</b>本回合将一个敌方生物的攻击值变为 0 。"
"GameData_Cards_Description_20","<b>死亡：</b>用随机 1 goo 成本的生物填满你的战场。"
"GameData_Cards_Description_78","<b>死亡：</b>给你的英雄恢复 8 点防御值。"
"GameData_Cards_Description_99","<b>攻击：</b>+2 防御值。"
"GameData_Cards_Description_107","当此牌在场上时，相邻生物获得 +2 攻击值。"
"GameData_Cards_Description_86","<b>入场：</b>获得与场上敌方生物数量相等的攻击值。"
"GameData_Cards_Description_114","对所有敌方生物造成 2 点伤害，并干扰它们。"
"GameData_Cards_Description_243","在敌方回合时，拥有 +2 攻击值。"
"GameData_Cards_Description_257","<b>入场：</b>摧毁所有<b>冻结</b>的生物。"
"GameData_InGameTutorial_0","入场技能在此牌投入时激活。"
"GameData_InGameTutorial_1","回合技能在每回合开始时激活。"
"GameData_InGameTutorial_2","回合结束技能在每回合结尾时激活。"
"GameData_InGameTutorial_3","攻击技能在生物对战时激活。"
"GameData_InGameTutorial_4","死亡技能在生物防御值为 0 时触发。"
"GameData_InGameTutorial_5","延迟技能在一定数量的回合后激活。"
"GameData_InGameTutorial_6","一个被冻结的生物无法在下一回合攻击。"
"GameData_InGameTutorial_7","被复活的生物在一次死亡后重新出现。"
"GameData_InGameTutorial_8","重型生物必须先被攻击。"
"GameData_InGameTutorial_9","野性生物可以在被投入的回合攻击。"
"GameData_InGameTutorial_10","提示描述"
"GameData_InGameTutorial_11","提示描述"
"GameData_InGameTutorial_12","提示描述"
"GameData_InGameTutorial_13","摧毁效果是一击致命的技能。"
"GameData_InGameTutorial_14","当生物第一次受到伤害时，狂怒可以增强攻击力。"
"GameData_InGameTutorial_15","闪击让生物可以攻击两次。"
"GameData_InGameTutorial_16","防卫技能可以保护生物不受攻击伤害或抵挡一次摧毁技能。"
"GameData_Tutorial_0_Tooltip_0","敌方英雄防御值"
"GameData_Tutorial_0_Tooltip_1","你的英雄防御值"
"GameData_Tutorial_0_Tooltip_2","防御值：此生物可承受多少攻击"
"GameData_Tutorial_0_Tooltip_3","攻击值：此生物可以造成多少伤害"
"GameData_Tutorial_0_Tooltip_4","Gloop的防御能力被反击削弱了。"
"GameData_Tutorial_1_Tooltip_0","通过拖放到顶部来添加卡牌到你的卡组。"
"GameData_Tutorial_1_Tooltip_1","通过双击从卡组中移除卡牌。"
"GameData_Tutorial_1_Tooltip_2","你也可以通过双击添加卡牌。"
"GameData_Tutorial_1_Tooltip_3","对战的时刻到了！"
"GameData_Tutorial_1_Tooltip_4","稍后，你可以选择此文本来重命名你的卡组。"
"GameData_Tutorial_1_Tooltip_5","现在，点击箭头浏览你的卡牌并构建卡组。"
"GameData_Tutorial_1_Tooltip_6","不想先打开你的新卡牌吗？"
"GameData_Tutorial_1_Tooltip_7","打开你的卡包。"
"GameData_Tutorial_2_Tooltip_0","野性生物可以在被投入的回合攻击。"
"GameData_Tutorial_2_Tooltip_1","这是卡牌的 goo 成本。"
"GameData_Tutorial_2_Tooltip_2","你获得了一个 goo 瓶。"
"GameData_Tutorial_2_Tooltip_3","你又获得了一个 goo 瓶，而且你之前使用的 goo 已重新充满。"
"GameData_Tutorial_2_Tooltip_4","入场效果在你投入卡牌时触发，就像工具牌一样。"
"GameData_Tutorial_2_Tooltip_5","重型生物必须先被攻击。"
"GameData_Tutorial_2_Tooltip_6","英雄拥有独特的技能，可以在冷却时使用。"
"GameData_Tutorial_3_Tooltip_0","让我们先看看你的新卡牌。"
"GameData_Tutorial_4_Tooltip_0","你先来。"
"GameData_Tutorial_4_Tooltip_1","这是你的初始手牌。将要替换的卡牌拖到上方，然后按“保留”。"
"GameData_Tutorial_4_Tooltip_2","你还有一场对战在进行中。"
"GameData_Tutorial_0_TutorialStep_0_AvatarDescription","欢迎你！\n\n由于你是新手，我就让你借用我的卡组先熟悉一下规则吧。"
"GameData_Tutorial_0_TutorialStep_1_AvatarDescription","摧毁敌方英雄来赢得胜利吧！"
"GameData_Tutorial_0_TutorialStep_28_AvatarDescription","太棒了！\n你赢得了你的首场比赛！"
"GameData_Tutorial_2_TutorialStep_0_AvatarDescription","这些生物不仅仅是血肉之躯，它们还拥有技能。\n\n让我们来学习如何使用它们吧。"
"GameData_Tutorial_4_TutorialStep_0_AvatarDescription","这次全靠你自己了……\n\n放开手脚，让我骄傲吧！"
"GameData_Tutorial_4_TutorialStep_7_AvatarDescription","我已把所有秘诀传授于你。恭喜出师！\n\n现在你将可以去 PvP 模式中，挑战其他玩家，大展拳脚了。"
"GameData_Tutorial_0_TutorialStep_0_TooltipCloseText","知道了"
"GameData_Tutorial_0_TutorialStep_1_TooltipCloseText","我们开始吧"
"GameData_Tutorial_0_TutorialStep_28_TooltipCloseText","知道了!"
"GameData_Tutorial_2_TutorialStep_0_TooltipCloseText","我们开始吧"
"GameData_Tutorial_4_TutorialStep_0_TooltipCloseText","开战!"
"GameData_Tutorial_4_TutorialStep_7_TooltipCloseText","继续"
"GameData_Tutorial_0_TutorialStep_2_ChampionSayTooltip_0","GROWL!"
"GameData_Tutorial_0_TutorialStep_3_ChampionSayTooltip_0","I will burn you to ash!"
"GameData_Tutorial_0_TutorialStep_8_ChampionSayTooltip_0","Two can play that game."
"GameData_Tutorial_0_TutorialStep_9_ChampionSayTooltip_0","My creature cannot attack yet. So I'm done for now."
"GameData_Tutorial_0_TutorialStep_11_ChampionSayTooltip_0","Not bad for a slab of rock."
"GameData_Tutorial_0_TutorialStep_12_ChampionSayTooltip_0","Let's attack that creature."
"GameData_Tutorial_0_TutorialStep_14_ChampionSayTooltip_0","I'm done. Let's move on, shall we?"
"GameData_Tutorial_0_TutorialStep_16_ChampionSayTooltip_0","Double trouble."
"GameData_Tutorial_0_TutorialStep_17_ChampionSayTooltip_0","Turn him to ash!"
"GameData_Tutorial_0_TutorialStep_24_ChampionSayTooltip_0","Two can play that game."
"GameData_Tutorial_2_TutorialStep_1_ChampionSayTooltip_0","I'll crush you!"
"GameData_Tutorial_2_TutorialStep_2_ChampionSayTooltip_0","Not if I defeat you first!"
"GameData_Tutorial_2_TutorialStep_5_ChampionSayTooltip_0","Pesky Feral creatures!"
"GameData_Tutorial_2_TutorialStep_8_ChampionSayTooltip_0","We're done here. Let's move on!"
"GameData_Tutorial_2_TutorialStep_9_ChampionSayTooltip_0","Now you can't touch me."
"GameData_Tutorial_2_TutorialStep_11_ChampionSayTooltip_0","请先投入野性生物！"
"GameData_Tutorial_2_TutorialStep_21_ChampionSayTooltip_0","My fireball will end him."
"GameData_Tutorial_2_TutorialStep_22_ChampionSayTooltip_0","Gotcha."
"ConnectionPopup_Label_Body","服务器连接断开，正在重新连接……"
"InputOTP_Label_Header","输入你的验证码。"
"InputOTP_Label_Body","和此账号绑定的手机应该已收到验证码。"
"InputOTP_Label_OTP","验证码"
"InputOTP_Placeholder_OTP","验证码……"
"Common_Button_Cancel","取消"
"Common_Button_Send","发送"
"MyDecks_Editing_Button_Auto","自选完成"
"MyDecks_Editing_PlaceHolder_Search","搜索"
"MyDecks_Editing_Label_Element","派系"
"MyDecks_Editing_Label_GooCost","GOO 成本"
"MyDecks_Editing_Label_Rarity","稀有度"
"MyDecks_Editing_Button_ViewDeck","查看卡组"
"MyDecks_Editing_Button_SaveDeck","保存"
"ViewDeck_Label_Abilities","技能"
"ViewDeck_Button_Change","更改"
"ConnectionPopup_Label_Connecting","正在验证并获取数据……"
"ConnectionPopup_Label_Failed","连接后端失败，请检查你的网络连接，并再试。"
"ConnectionPopup_Label_Reconnecting","服务器连接断开，正在重新连接……"
"ConnectionPopup_Label_Matchmaking","寻找对手……"
"Common_Button_Close","关闭"
"Common_Button_Quit","退出"
"Common_Button_Retry","重试"
"Common_Button_Continue","继续"
"InternetConnectionPopup_Label_Body","需要联网。请检查你的网络连接并重试。"
"LevelUp_Label_NoReward","你已经收集了此英雄的全部奖励！"
"LevelUp_Label_NextLevelReward","在第 {NextLevelReward} 级获得下一个奖励！"
"SelectChampionPopup_Label_Header","选择你的英雄"
"SelectChampionPopup_Label_WeakAgainst","克星"
"SelectChampionAbilityPopup_Label_Header","选择英雄技能"
"SelectChampionAbilityPopup_Label_SelectedAmount","已选择 <color=#FFFF00>{SELECTED_AMOUNT}/{TOTAL_AMOUNT}</color> 技能"
