"Key","Value"
"AbilityBar_Label_Body","UNLOCK ABILITY"
"RenamePopup_Label_Head","RENAME DECK"
"RenamePopup_Label_Body","NAME YOUR DECK"
"RenamePopup_Placeholder_DeckName","DECK NAME"
"Warning_FilterCard_NoGooCost","At least one option must be selected."
"Warning_FilterCard_NoElement","At least one option must be selected."
"Warning_FilterCard_NoRank","At least one option must be selected."
"Warning_Shop_ExistingPurchasePending","A purchase for this product is already in progress. Please try again."
"Warning_Shop_PaymentDeclined","Payment was declined."
"Warning_Shop_PurchasingUnavailable","Purchasing is not available.\n\nCheck if you are using a valid account and purchasing is allowed on your device."
"Warning_Gameplay_ClosingGame","Leaving the match and closing the game..."
"Warning_MatchMaker_Error_FindMatch","Error while finding a match."
"Warning_MatchMaker_Error_CancelingFindMatch","Error while canceling."
"Warning_Tutorial_Error_DeleteDeck","Not able to delete deck {DECK_ID}."
"Confirm_PlayAgain_Available","Would you like to play another PvP game?"
