"Key","Value"
"Common_Button_GotIt","了解！"
"Common_Button_Yes","はい"
"Common_Button_No","いいえ"
"HordeSelection_Label_Header","デッキを選択"
"HordeSelection_Button_Edit","編集"
"HordeSelection_Button_Delete","削除"
"HordeSelection_Button_Rename","名前を変更"
"HordeSelection_Button_Build","新規デッキを構築"
"HordeSelection_Popup_InfoDeleteLastDeck","削除できません、最低１つのデッキが必要です。"
"HordeSelection_Popup_ConfirmDeleteDeck","本当に {DECK_NAME}を削除しますか?"
"HordeSelection_Spinner_DeletingDeck","デッキを削除中 . . ."
"HordeEditing_Popup_ConfirmSaveProgress","進捗を保存しますか？"
"HordeEditing_Button_Auto","自動生成"
"HordeEditing_Button_Filter","フィルタリング"
"HordeEditing_Button_Abilities","アビリティ"
"HordeEditing_Input_Search","検索"
"HordeEditing_Button_Save","デッキを保存"
"HordeEditing_Spinner_SavingDeck","デッキを保存中 . . ."
"ChampionSelection_Label_Header","新規デッキ"
"ChampionSkillSelection_Label_Header","チャンピオンのスキルを選択"
"ChampionSkillSelection_Label_NoSelected","スキルが選択されていません"
"ChampionSkillSelection_Label_SelectedAmount","{SELECTED_SKILL_AMOUNT}/{SKILLS_SLOT_AMOUNT} を選択済み"
"DeckRenaming_Label_Header","デッキに名前をつける"
"DeckRenaming_Button_Save","保存"
"SideMenu_Button_Battle","バトル"
"SideMenu_Button_Shop","ショップ"
"SideMenu_Button_MyDecks","マイデッキ"
"SideMenu_Button_MyPacks","マイパック"
"SideMenu_Button_MyCards","マイカード"
"AreaBar_Button_Login","ログイン"
"LoginPopup_Label_Email","E-MAIL"
"LoginPopup_Placeholder_Email","E-mailアドレス..."
"LoginPopup_Label_Password","パスワード"
"LoginPopup_Placeholder_Password","パスワード..."
"LoginPopup_Button_NotRegistered","まだ登録していませんか？"
"LoginPopup_Button_Login","ログイン"
"LoginPopup_Button_ForgotPassword","パスワードをお忘れですか？"
"LoginPopup_Popup_EnterEmailPassword","E-mailとパスワードを入力してください。"
"RegisteringPopup_Label_MinutesAway","Relentlessのプレイまであと一歩！"
"RegisteringPopup_Label_Email","E-MAIL"
"RegisteringPopup_Placeholder_Email","E-mailアドレス..."
"RegisteringPopup_Label_Password","パスワード"
"RegisteringPopup_Placeholder_Password","パスワード..."
"RegisteringPopup_Label_ConfirmPassword","パスワードの確認"
"RegisteringPopup_Placeholder_ConfirmPassword","パスワードの確認..."
"RegisteringPopup_Button_Register","登録"
"RegisteringPopup_Button_AlreadyRegistered","もう\n登録していますか？"
"ForgotPasswordPopup_Label_Header","パスワードリセット"
"ForgotPasswordPopup_Label_SubHeader","あなたのE-mailアドレスを入力してください。\nパスワードリセットのためのリンクを送信します。"
"ForgotPasswordPopup_Label_Email","E-MAIL"
"ForgotPasswordPopup_Placeholder_Email","E-mailアドレス..."
"ForgotPasswordPopup_Button_Cancel","キャンセル"
"ForgotPasswordPopup_Button_Send","送信"
"ForgotPasswordSendPopup_Label_Header","パスワードリセットメールを送信しました"
"ForgotPasswordSendPopup_Label_Body01","あなたのアドレスにE-mailを送信しました。\nメールの内容に従ってパスワードのリセットを行なってください。"
"ForgotPasswordSendPopup_Label_Body02","注: メールが届かない場合は、迷惑メールフォルダと\n""プロモーション""タブをチェックしてください。"
"ForgotPasswordSendPopup_Button_GotIt","了解！"
"LoginPopup_Popup_Validating","データの検証と取得を行なっています..."
"MainMenuBattleMode_Button_Battle","バトル"
"MainMenuBattleMode_Button_ChangeMode","モードを変更"
"MainMenuBattleMode_Label_BattleMode_Solo","ソロモード"
"MainMenuBattleMode_Label_BattleMode_VS","対戦\nモード"
"GameModePopup_Label_Header","ゲームモード"
"GameModePopup_Button_Solo","ソロモード"
"GameModePopup_Button_VS","VS"
"GameModePopup_Button_Tutorial","チュートリアル"
"MatchMakingPopup_Label_RegisteringToPool","PvPに登録中..."
"MatchMakingPopup_Label_WaitingPeriod","対戦相手を見つけています..."
"MatchMakingPopup_Label_FindingMatch","対戦相手とマッチング中..."
"MatchMakingPopup_Label_AcceptingMatch","マッチの詳細を確認中..."
"MatchMakingPopup_Label_WaitingForOpponent","マッチの詳細を確認中..."
"MatchMakingPopup_Label_ConfirmingWithOpponent","マッチの詳細を確認中..."
"MatchMakingPopup_Label_Canceled","キャンセルしています..."
"MatchMakingPopup_Button_Cancel","キャンセル"
"StartTutorial_Label_Body","ようこそ！まずはチュートリアルプレイをやってみますか？"
"SettingsPopup_Label_HeaderMain","設定"
"SettingsPopup_Label_HeaderAudio","オーディオ"
"SettingsPopup_Label_HeaderVideo","ビデオ"
"SettingsPopup_Label_Music","音楽"
"SettingsPopup_Label_Sounds","サウンド"
"SettingsPopup_Label_Resolution","解像度"
"SettingsPopup_Label_ScreenMode","スクリーンモード"
"SettingsPopup_Button_Login","ログイン"
"SettingsPopup_Button_Logout","ログアウト"
"SettingsPopup_Button_Help","ヘルプ"
"SettingsPopup_Button_Credits","制作"
"SettingsPopup_Button_Support","サポート"
"SettingsPopup_Button_QuitGame","ゲームを終了"
"SettingsPopup_Button_QuitBattle","この対戦を終了しますか？"
"SettingsPopup_Popup_ConfirmLogout",""
"SettingsPopup_Popup_ConfirmHelp","ヘルプページに移動しますか？"
"SettingsPopup_Popup_ConfirmSupport","オンラインヘルプデスクに移動しますか？"
"ArmyPage_Label_Header","マイアーミー"
"ArmyPage_Button_Filter","フィルタリング"
"ArmyPage_Button_BuyPacks","パックをさらに購入"
"ArmyPage_Input_Search","検索"
"ArmyPage_Button_Marketplace","マーケットプレイス"
"ArmyPage_Popup_ConfirmMarketplace","マーケットプレイスのサイトに移動しますか？"
"ShopPage_Label_Header","特別プロモーション"
"ShopPage_Label_Banner","新しいパックのディスカウント！"
"PackOpener_Label_Header","マイパック"
"PackOpener_Label_PackToOpenAmount","{[PACK_AMOUNT_TO_OPEN]} パック[i2p_Zero]0パック[I2p_One]1パック"
"PackOpener_Button_Open","開封"
"PackOpener_Button_BuyPacks","パックをさらに購入"
"PackOpener_Button_Collect","収集"
"FilterCard_Label_Header","カードのフィルタリング"
"FilterCard_Button_Save","保存"
"FilterCard_Button_SelectAll","全て選択"
"FilterCard_Button_Element","エレメント"
"FilterCard_Button_Rarity","レア度"
"FilterCard_Button_GooCost","GOOコスト"
"FilterDeck_Label_Header","デッキのフィルタリング"
"FilterDeck_Button_Save","保存"
"Mulligan_Button_Keep","キープ"
"Gameplay_Button_EndTurn","ターンを終了"
"Gameplay_Popup_ConfirmQuit","本当に終了しますか？"
"Gameplay_Popup_YourTurn","あなたのターンです"
"WinLostPopup_Label_WinHeader","あなたの勝ち！"
"WinLostPopup_Label_LostHeader","あなたの負け！"
"WinLostPopup_Label_Level","レベル"
"WinLostPopup_Button_PlayAgain","もう一度プレイする"
"WinLostPopup_Button_Continue","メインメニュー"
"LevelUp_Label_Header","レベルアップ！"
"LevelUp_Label_RewardDisabled","バージョン{GAME_VERSION}ではリワードは利用できません。"
"LoadingPage_Message_Loading","ロード中..."
"Handle_Error_General","エラーです！\n再試行してください。"
"Warning_DataManager_CardLibrary_Error","カードライブラリデータのロードエラー"
"Warning_DataManager_ChampionsData_Error","チャンピオンデータのロードエラー"
"Warning_DataManager_CardCollection_Error","カードコレクションデータのロードエラー"
"Warning_DataManager_PlayerDecksData_Error","デッキのロードエラー"
"Warning_DataManager_AIDecksData_Error","対戦相手のAIのデッキがロードエラーとなりました。"
"Warning_DataManager_ChampionLeveling_Error","チャンピオンレベルデータのロードエラー"
"Waning_OTP_Incorrect","認証コードが違います。もう一度お試しください。"
"Warning_ForgotPassword_InvalidEmail","有効なE-mailアドレスを入力してください。"
"Warning_Register_EmptyEmailOrPassword","E-mailとパスワードを入力してください。"
"Warning_Register_InvalidEmail","有効なE-mailアドレスを入力してください。"
"Warning_Register_ConfirmPasswordNotMatch","パスワードが一致していることを確認してください。"
"Warning_Register_IncorrectEmailOrPassword","E-mailまたはパスワードが違います。もう一度お試しください。"
"Warning_Register_RequestError","登録できませんでした。もう一度お試しください。"
"Warning_Register_EmailAlreadyUsed","このE-mailはすでに使われています。別のE-mailで登録するか、既存のアカウントでログインしてください。"
"Warning_Login_EmptyEmailOrPassword","E-mailとパスワードを入力してください。"
"Warning_Login_InvalidEmail","有効なE-mailアドレスを入力してください。"
"Warning_Login_IncorrectEmailOrPassword","E-mailまたはパスワードが違います。もう一度お試しください。"
"Warning_Login_RequestError","ログインできませんでした。もう一度お試しください。"
"Warning_Login_Unauthorized","ユーザー名またはパスワードが違います。もう一度お試しください。"
"Warning_Login_ValidationFailed","ログイン情報を確認できませんでした。ゲームをリスタートしてもう一度お試しください。"
"Warning_GameVersion_Mismatch","このバージョン ({LOCAL_VERSION}) はすでに期限切れです。バージョン{REMOTE_VERSION}をダウンロードしてください。"
"Warning_Server_MaintenanceMode","現在サーバーメンテナンス中です。後ほどお試しください。"
"Warning_ServerConnection_Impossible","サーバー接続がタイムアウトしました。インターネット接続を確認のうえ、再試行してください。"
"Warning_ServerConnection_Failed","インターネット接続を確認のうえ、再試行してください。"
"Warning_SystemRequirement_NotSatisfy","あなたのデバイスは、システムの最低要件を満たしていません。このまま継続すると問題が発生したりプレイできなくなったりする可能性があります。"
"Warning_InternetConnection_Error","インターネット接続を確認のうえ、再試行してください。"
"Spinner_PackOpener_RetrievingCards","カードをロード中..."
"Warning_PackOpener_PackBalanceRequest_Error","エラーです！\n再試行しますか？"
"Warning_PackOpener_RetrievingCards_Error","カードのロードに失敗しました。\nもう一度お試しください。"
"Warning_RankedGames_Disabled","バージョン {GAME_VERSION}ではランキング機能はありません。みなさんのこのゲームに対するご協力に感謝します！\n– Loomチーム"
"Warning_FriendlyGames_Disabled","バージョン {GAME_VERSION}ではフレンド機能はありません。みなさんのこのゲームに対するご協力に感謝します！\n– Loomチーム"
"Spinner_Shop_IAP","ストアを初期化中..."
"Spinner_Shop_InitStore","ストアを初期化中..."
"Spinner_Shop_ClaimPending","購入をアクティベート中..."
"Spinner_Shop_InitiatedPurchase","購入をアクティベート中..."
"Spinner_Shop_Purchasing","支払いを処理中..."
"Spinner_Shop_RequestFiatValidation","支払いを処理中..."
"Spinner_Shop_RequestFiatTransaction","アイテムを取得中..."
"Spinner_Shop_RequestPack","アイテムを取得中..."
"Spinner_Shop_RequestFiatClaim","アイテムを取得中..."
"Warning_Shop_ClaimPending_Failed","保留中の購入を取得できませんでした。\nもう一度お試しください。"
"Warning_Shop_InitStore_Failed","ストアの初期化に失敗しました。\nもう一度お試しください。"
"Warning_Shop_RequestPack_Success","購入完了！""マイパック""ページで入手したものを見てみましょう！"
"Warning_Shop_Purchasing_Failed","購入処理中にエラーが発生しました。もう一度お試しください。"
"Warning_HordeSelection_SearchDeck_NotFound","デッキが見つかりませんでした。"
"Warning_HordeSelection_MaxDeck","{MAX_DECKS} デッキ以上を作ることはできません。１デッキ以上を削除してもう一度お試しください。"
"Warning_HordeEditing_AddDeck_Failed","エラーです！\n再試行してください。"
"Warning_HordeEditing_AddCard_AgainstChampionFaction","あなたのチャンピオンが弱点としているグループからは追加できません。"
"Warning_HordeEditing_AddCard_NotEnough","追加できるカードがありません。パックを購入または獲得して、カードをもっと入手しましょう！"
"Warning_HordeEditing_AddCard_RankMaxOut","デッキに追加できる{CARD_RANK}カードのコピー数は、最大{MAX_COPIES} 枚です。"
"Warning_HordeEditing_AddCard_MaxDeckSize","デッキに追加できる最大カード数は{MAX_DECK_SIZE} 枚です。"
"Warning_HordeEditing_AddDeck_Error","デッキを追加できません。"
"Warning_HordeEditing_EditDeck_Error","デッキを編集できません。"
"Warning_HordeEditing_DeleteDeck_Error","デッキを削除できません。"
"Warning_HordeEditing_DeckName_Empty","名前をつけずにデッキを保存することはできません。"
"Warning_HordeEditing_DeckName_Exist","このデッキ名はすでに存在しています。"
"GameData_BattleFlavor_0","Filling up goo bottles"
"GameData_BattleFlavor_1","カードをシャッフルする"
"GameData_BattleFlavor_2","Mopping battleground"
"GameData_BattleFlavor_3","ケーブルのチェック"
"GameData_BattleFlavor_4","Prepping elements"
"GameData_BattleFlavor_5","Waking Champions"
"GameData_BattleFlavor_6","ウォーミングアップをする"
"GameData_BattleFlavor_7","Hydrating creatures"
"GameData_BattleFlavor_8","Positioning creatures"
"GameData_BattleFlavor_9","Hyping crowds"
"GameData_BattleFlavor_10","Sharpening claws"
"GameData_BattleFlavor_11","Yelling out battle cries"
"GameData_BuffsToolTip_Feral","このクリーチャーは、エントリー時に攻撃が可能です。"
"GameData_BuffsToolTip_Heavy","敵はまずこのクリーチャーを攻撃しなくてはなりません。"
"GameData_BuffsToolTip_Entry","このクリーチャーをプレイに出す時に、アビリティが有効になります。"
"GameData_BuffsToolTip_Death","このクリーチャーが死ぬと、アビリティが有効になります。"
"GameData_BuffsToolTip_Attack","このクリーチャーが攻撃すると、アビリティが有効になります。"
"GameData_BuffsToolTip_Freeze","フリーズされたクリーチャーは、次の攻撃チャンスを失います。"
"GameData_BuffsToolTip_Flash","このクリーチャーは、１ターンで２度の攻撃が可能です。"
"GameData_BuffsToolTip_Destroy","この死により、クリーチャーは攻撃したりダメージを受けたりします。"
"GameData_BuffsToolTip_Distract","ディストラクトされたクリーチャーは、全てのアビリティ、エフェクト、バフを失います。"
"GameData_BuffsToolTip_Swing","ターゲットの両隣のクリーチャーにXダメージを与えます。"
"GameData_BuffsToolTip_Rage","このクリーチャーがダメージを受けた時、アビリティが有効になります。"
"GameData_BuffsToolTip_Delayed","あなたの次のターン開始時に、アビリティが有効になります。"
"GameData_BuffsToolTip_Turn","プレイに出ている間、両プレイヤーのターン開始時にアビリティが有効になります。"
"GameData_BuffsToolTip_End","プレイに出ている間、両プレイヤーのターン終了時にアビリティが有効になります。"
"GameData_BuffsToolTip_Overflow","このターンでのみ、gooの最大有効数よりもX多くのgooを獲得します。"
"GameData_BuffsToolTip_Guard","次に受ける全てのダメージを防ぎ、その後このアビリティはなくなる。"
"GameData_BuffsToolTip_Devour","クリーチャー１つを殺すことで、攻撃値および/または守備値を獲得します。"
"GameData_BuffsToolTip_Shatter","フリーズされた敵に+Xダメージを与える。"
"GameData_BuffsToolTip_Reanimate","このクリーチャーは死んでも再び呼び出され、その後このアビリティは無くなります。"
"GameData_BuffsToolTip_Restore","ダメージを受けたクリーチャーに、その最大値まで守備値を与えます。"
"GameData_BuffsToolTip_Blitz","プレイに出されてすぐにクリーチャーを攻撃できます。"
"GameData_Champion_Name_0","Brakuus"
"GameData_Champion_ShortDescription_0","The Guardian"
"GameData_ChampionSkill_Title_0","Harden"
"GameData_ChampionSkill_Description_0","あなたのチャンピオンに守備値+２を与える。"
"GameData_ChampionSkill_Title_1","Stoneskin"
"GameData_ChampionSkill_Description_1","同族のアースクリーチャー１つに守備+1を与える"
"GameData_ChampionSkill_Title_2","Fortify"
"GameData_ChampionSkill_Description_2","同族のアースクリーチャー１つにヘビーを与える"
"GameData_ChampionSkill_Title_3","Phalanx"
"GameData_ChampionSkill_Description_3","同族の全アースクリーチャーに守備+1を与える"
"GameData_ChampionSkill_Title_4","Fortress"
"GameData_ChampionSkill_Description_4","ランダムな同族のアースクリーチャー２つにヘビーを与える"
"GameData_Champion_Name_1","Razu"
"GameData_Champion_ShortDescription_1","The Fire Daemon"
"GameData_ChampionSkill_Title_5","Fire Bolt"
"GameData_ChampionSkill_Description_5","ターゲットに1ダメージを与える。"
"GameData_ChampionSkill_Title_6","Rabies"
"GameData_ChampionSkill_Description_6","同族のファイヤークリーチャー１つにフェラルを与える"
"GameData_ChampionSkill_Title_7","Fireball"
"GameData_ChampionSkill_Description_7","ターゲットに２ダメージを与える"
"GameData_ChampionSkill_Title_8","Mass Rabies"
"GameData_ChampionSkill_Description_8","ランダムな同族のファイヤークリーチャー２つにフェラルを与える"
"GameData_ChampionSkill_Title_9","Meteor Shower"
"GameData_ChampionSkill_Description_9","全クリーチャーに２ダメージを与える"
"GameData_Champion_Name_2","Vash'Kala"
"GameData_Champion_ShortDescription_2","The Ancient One"
"GameData_ChampionSkill_Title_10","Freeze"
"GameData_ChampionSkill_Description_10","１つのクリーチャーをフリーズする。"
"GameData_ChampionSkill_Title_11","Ice Bolt"
"GameData_ChampionSkill_Description_11","ターゲットのクリーチャーに2ダメージを与え、生き残ったらフリーズする"
"GameData_ChampionSkill_Title_12","Ice Wall"
"GameData_ChampionSkill_Description_12","ターゲットのウォータークリーチャー、もしくはあなたのチャンピオンに守備値２を追加する"
"GameData_ChampionSkill_Title_13","Shatter"
"GameData_ChampionSkill_Description_13","フリーズされた敵のクリーチャー１つを破壊する"
"GameData_ChampionSkill_Title_14","Blizzard"
"GameData_ChampionSkill_Description_14","ランダムな敵のクリーチャー２つをフリーズする"
"GameData_Champion_Name_3","Kalile"
"GameData_Champion_ShortDescription_3","Tempest of Storms"
"GameData_ChampionSkill_Title_15","Push"
"GameData_ChampionSkill_Description_15","Spend remaining goo to return a creature of equal cost, or less, to owner's hand"
"GameData_ChampionSkill_Title_16","Draw"
"GameData_ChampionSkill_Description_16","Draw a card"
"GameData_ChampionSkill_Title_17","Wind Shield"
"GameData_ChampionSkill_Description_17","Give a random ally Air creature Guard"
"GameData_ChampionSkill_Title_18","Levitate"
"GameData_ChampionSkill_Description_18","Reduce the cost of a random card in your hand by 1"
"GameData_ChampionSkill_Title_19","Retreat"
"GameData_ChampionSkill_Description_19","Return all creatures to their owner's hand"
"GameData_Champion_Name_4","Mhalik"
"GameData_Champion_ShortDescription_4","Lord of Pestilence"
"GameData_ChampionSkill_Title_20","Poison Dart"
"GameData_ChampionSkill_Description_20","Deal 1 damage to an enemy"
"GameData_ChampionSkill_Title_21","Toxic Power"
"GameData_ChampionSkill_Description_21","Deal 1 damage to an ally Toxic creature and give it +1 Atk"
"GameData_ChampionSkill_Title_22","Breakout"
"GameData_ChampionSkill_Description_22","Deal 1 damage to 5 random enemies"
"GameData_ChampionSkill_Title_23","Infect"
"GameData_ChampionSkill_Description_23","Destroy an ally Toxic creature, deal its Atk to a random enemy creature"
"GameData_ChampionSkill_Title_24","Epidemic"
"GameData_ChampionSkill_Description_24","Destroy an 2 random Toxic creatures, deal their Atk to 2 enemy creatures"
"GameData_Champion_Name_5","Valash"
"GameData_Champion_ShortDescription_5","Nature's Warden"
"GameData_ChampionSkill_Title_25","Healing Touch"
"GameData_ChampionSkill_Description_25","Restore 2 Def to an ally creature"
"GameData_ChampionSkill_Title_26","Mend"
"GameData_ChampionSkill_Description_26","Restore 2 Def to your Champion"
"GameData_ChampionSkill_Title_27","Resurrect"
"GameData_ChampionSkill_Description_27","Reanimate a random 3 goo-cost ally Life creature"
"GameData_ChampionSkill_Title_28","Enhance"
"GameData_ChampionSkill_Description_28","Restore 2 Def to all ally Life creatures and your Champion"
"GameData_ChampionSkill_Title_29","Reanimate"
"GameData_ChampionSkill_Description_29","Reanimate 2 random ally Life creatures"
"GameData_Cards_Name_1","ゴーストの囁き"
"GameData_Cards_Name_2","狂風"
"GameData_Cards_Name_5","ロッキー"
"GameData_Cards_Name_10","ピロマス"
"GameData_Cards_Name_19","蟲使い"
"GameData_Cards_Name_33","マインド・フレイヤー"
"GameData_Cards_Name_34","ヨガ行者"
"GameData_Cards_Name_62","ダイナマイト兵"
"GameData_Cards_Name_73","Grower"
"GameData_Cards_Name_82","暗殺者"
"GameData_Cards_Name_105","スパーキー"
"GameData_Cards_Name_106","エンバー"
"GameData_Cards_Name_113","消化器"
"GameData_Cards_Name_101","スラブ"
"GameData_Cards_Name_118","Leash"
"GameData_Cards_Name_119","ブルドーザー"
"GameData_Cards_Name_121","Zplit"
"GameData_Cards_Name_127","Ectoplazm"
"GameData_Cards_Name_141","Maelztrom"
"GameData_Cards_Name_151","ハザード"
"GameData_Cards_Name_115","Shovel"
"GameData_Cards_Name_249","Harpoon"
"GameData_Cards_Name_154","Boomstick"
"GameData_Cards_Name_57","廃墟の瓦礫"
"GameData_Cards_Name_76","Everlazting"
"GameData_Cards_Name_68","ホイッスル"
"GameData_Cards_Name_11","Burn"
"GameData_Cards_Name_12","シンダーマン"
"GameData_Cards_Name_13","ガルガンチュア"
"GameData_Cards_Name_14","火吹き小僧"
"GameData_Cards_Name_15","ステープラー"
"GameData_Cards_Name_16","釘爆弾"
"GameData_Cards_Name_17","Gooボトル"
"GameData_Cards_Name_123","Bark"
"GameData_Cards_Name_67","怒りの武将"
"GameData_Cards_Name_24","ポイズン"
"GameData_Cards_Name_25","墓荒らし"
"GameData_Cards_Name_28","アイス・マシーン"
"GameData_Cards_Name_98","Blocker"
"GameData_Cards_Name_31","ツナミ"
"GameData_Cards_Name_116","Cart"
"GameData_Cards_Name_50","予言者"
"GameData_Cards_Name_44","肉食のズッカー"
"GameData_Cards_Name_59","甲虫スパイク"
"GameData_Cards_Name_3","嵐呼び"
"GameData_Cards_Name_4","ゼウス"
"GameData_Cards_Name_7","巨岩"
"GameData_Cards_Name_138","Icicle"
"GameData_Cards_Name_26","有毒ガス"
"GameData_Cards_Name_30","氷の彫刻師"
"GameData_Cards_Name_37","番人ケルベロス"
"GameData_Cards_Name_64","狂犬"
"GameData_Cards_Name_74","Prezerver"
"GameData_Cards_Name_142","Fumez"
"GameData_Cards_Name_81","Zkewer"
"GameData_Cards_Name_87","Frozen"
"GameData_Cards_Name_239","Zky"
"GameData_Cards_Name_240","Zonic"
"GameData_Cards_Name_241","Zwoop"
"GameData_Cards_Name_108","Burzt"
"GameData_Cards_Name_120","Wizp"
"GameData_Cards_Name_242","Duzt"
"GameData_Cards_Name_6","ゴーレム"
"GameData_Cards_Name_244","Zolid"
"GameData_Cards_Name_246","Flare"
"GameData_Cards_Name_247","Hot"
"GameData_Cards_Name_248","Bazooka"
"GameData_Cards_Name_250","Huzk"
"GameData_Cards_Name_251","Wood"
"GameData_Cards_Name_252","Trunk"
"GameData_Cards_Name_253","Gloop"
"GameData_Cards_Name_254","Bane"
"GameData_Cards_Name_255","Ztink"
"GameData_Cards_Name_256","Brook"
"GameData_Cards_Name_21","緊縛師"
"GameData_Cards_Name_132","Goozilla"
"GameData_Cards_Name_39","火炎瓶"
"GameData_Cards_Name_136","Igloo"
"GameData_Cards_Name_49","雪山のモンスター"
"GameData_Cards_Name_65","ファイヤースロー"
"GameData_Cards_Name_88","Zlider"
"GameData_Cards_Name_8","魔の山"
"GameData_Cards_Name_9","Walley"
"GameData_Cards_Name_18","チェーンソー"
"GameData_Cards_Name_22","シャーマン"
"GameData_Cards_Name_23","精霊パファ"
"GameData_Cards_Name_27","チェルノビル"
"GameData_Cards_Name_29","ウォーター・ジェット"
"GameData_Cards_Name_32","風を操る者"
"GameData_Cards_Name_35","幼いタイニー"
"GameData_Cards_Name_36","アースシェイカー"
"GameData_Cards_Name_38","狼ゾンビ"
"GameData_Cards_Name_42","Z-ウイルス"
"GameData_Cards_Name_43","巨木ユグドラシル"
"GameData_Cards_Name_45","ケダモノの飼育者"
"GameData_Cards_Name_46","毒の唾吹き"
"GameData_Cards_Name_47","屍肉喰い"
"GameData_Cards_Name_48","アイスピック"
"GameData_Cards_Name_61","焦熱のイグニアス"
"GameData_Cards_Name_70","Gooビーカー"
"GameData_Cards_Name_75","Bloomer"
"GameData_Cards_Name_85","Zludge"
"GameData_Cards_Name_90","Blizzard"
"GameData_Cards_Name_94","Ztormonk"
"GameData_Cards_Name_96","Draft"
"GameData_Cards_Name_97","Monzoon"
"GameData_Cards_Name_103","Pyrite"
"GameData_Cards_Name_104","Gaea"
"GameData_Cards_Name_117","Fresh Meat"
"GameData_Cards_Name_143","Gaz"
"GameData_Cards_Name_145","Crater"
"GameData_Cards_Name_146","Quazi"
"GameData_Cards_Name_148","Zap"
"GameData_Cards_Name_149","Cactuz"
"GameData_Cards_Name_150","Zeptic"
"GameData_Cards_Name_152","Ozmoziz"
"GameData_Cards_Name_153","Geyzer"
"GameData_Cards_Name_133","Znowy"
"GameData_Cards_Name_128","Wazte"
"GameData_Cards_Name_134","Ztalagmite"
"GameData_Cards_Name_139","Froztbite"
"GameData_Cards_Name_122","Amber"
"GameData_Cards_Name_126","Germ"
"GameData_Cards_Name_91","Breezee"
"GameData_Cards_Name_93","Zhocker"
"GameData_Cards_Name_79","Zlimey"
"GameData_Cards_Name_54","風乗り"
"GameData_Cards_Name_40","バット"
"GameData_Cards_Name_41","超血清"
"GameData_Cards_Name_51","冷却バッファー"
"GameData_Cards_Name_52","風遊行"
"GameData_Cards_Name_53","暴風のドラッガー"
"GameData_Cards_Name_55","サイクロン"
"GameData_Cards_Name_56","飛頭蛮"
"GameData_Cards_Name_58","岩の庇護者"
"GameData_Cards_Name_60","ディフェンダー"
"GameData_Cards_Name_66","Enrager"
"GameData_Cards_Name_69","救援隊"
"GameData_Cards_Name_71","火炎ノコギリ"
"GameData_Cards_Name_72","救急箱"
"GameData_Cards_Name_77","Planter"
"GameData_Cards_Name_80","Zcavenger"
"GameData_Cards_Name_83","Undying"
"GameData_Cards_Name_144","Pit"
"GameData_Cards_Name_89","Zub-Zero"
"GameData_Cards_Name_102","Groundy"
"GameData_Cards_Name_109","Rager"
"GameData_Cards_Name_110","Alpha"
"GameData_Cards_Name_111","Volcan"
"GameData_Cards_Name_112","Torch"
"GameData_Cards_Name_124","Zeeder"
"GameData_Cards_Name_125","Blight"
"GameData_Cards_Name_129","Zlopper"
"GameData_Cards_Name_130","Boomer"
"GameData_Cards_Name_131","Zteroid"
"GameData_Cards_Name_135","Vortex"
"GameData_Cards_Name_140","Zpring"
"GameData_Cards_Name_137","Zplash"
"GameData_Cards_Name_100","Hardy"
"GameData_Cards_Name_84","Polluter"
"GameData_Cards_Name_63","Firecaller"
"GameData_Cards_Name_147","Modo"
"GameData_Cards_Name_95","Zquall"
"GameData_Cards_Name_92","Banshee"
"GameData_Cards_Name_20","マジックマッシュルーム"
"GameData_Cards_Name_78","Rainz"
"GameData_Cards_Name_99","Shale"
"GameData_Cards_Name_107","Firewall"
"GameData_Cards_Name_86","Hozer"
"GameData_Cards_Name_114","Lawnmower"
"GameData_Cards_Name_243","Rubble"
"GameData_Cards_Name_257","Zteam"
"GameData_Cards_FlavorText_1","The unfriendly ghost..."
"GameData_Cards_FlavorText_2","Like any adolescent child that wishes you to leave him be... so GO AWAY!!"
"GameData_Cards_FlavorText_5","Addriaaannn!!! Addriaaaaaannnnn!!!"
"GameData_Cards_FlavorText_10","He's really into that old Prodigy song... Firestarter..."
"GameData_Cards_FlavorText_19","Beeee yourself!"
"GameData_Cards_FlavorText_33","Resistance is futile --- and we have Zushi"
"GameData_Cards_FlavorText_34","Ommmmmmmmmmm"
"GameData_Cards_FlavorText_62","Dodgeball anyone?"
"GameData_Cards_FlavorText_73","That's the fifth arm he's lost today."
"GameData_Cards_FlavorText_82","From the Shadowzzzz"
"GameData_Cards_FlavorText_105","Hermes has NOTHING on him"
"GameData_Cards_FlavorText_106","Makes every BBQ a hoot!"
"GameData_Cards_FlavorText_113","Psssshhhhhhhhhhh"
"GameData_Cards_FlavorText_101","Supressing all those emotions does have its price..."
"GameData_Cards_FlavorText_118","No more BRAINZZZZZ"
"GameData_Cards_FlavorText_119","When you REALLY want to level (with) someone"
"GameData_Cards_FlavorText_121","Out, OUT...GET OUT!!!"
"GameData_Cards_FlavorText_127","Wha'ch yu lookin at' ?!"
"GameData_Cards_FlavorText_141","Sometimes pukes a little in his mouth from all the spinning, but keeps a scary face!"
"GameData_Cards_FlavorText_151","Almost reached the Goo-Anonymous meeting - almost..."
"GameData_Cards_FlavorText_115","Friendly neighborhood shovel!"
"GameData_Cards_FlavorText_249","Great against legendary sea creatures"
"GameData_Cards_FlavorText_154","Thank you for your service!"
"GameData_Cards_FlavorText_57","Time is our greatest adversary"
"GameData_Cards_FlavorText_76","Guess who's back?"
"GameData_Cards_FlavorText_68","Get over here, STAT!"
"GameData_Cards_FlavorText_11","So he likes all the pretty bright colors, can you blame him?"
"GameData_Cards_FlavorText_12","Hot, so very hot - all the time!"
"GameData_Cards_FlavorText_13","(sing) Under pressure... coming down on you..."
"GameData_Cards_FlavorText_14","There's always an aftershock, duck twice"
"GameData_Cards_FlavorText_15","No pain, no gain."
"GameData_Cards_FlavorText_16","When you really want to nail it!"
"GameData_Cards_FlavorText_17","Adding more goo to an already overly-goo-ed party is just too goo-d!"
"GameData_Cards_FlavorText_123","Worse than its bite!"
"GameData_Cards_FlavorText_67","I AM THE CHAMPION - my friend!! ME - ONLY ME!!!"
"GameData_Cards_FlavorText_24","Just like any frat boy, after the Friday night bash - bloated, gassy, puking and generally unpleasant to be around..."
"GameData_Cards_FlavorText_25","Being dead has its perks, but in this case time and humidity has not been kind - the rotting flesh is literally sapping off the bone on this one."
"GameData_Cards_FlavorText_28","It would be a-lot Izzier if you just stay put!"
"GameData_Cards_FlavorText_98","Just a few more moments..."
"GameData_Cards_FlavorText_31","Bringing a nice, big shower, cleaning an entire city at a time."
"GameData_Cards_FlavorText_116","Silly fun times... until someone loses an eye or a head!"
"GameData_Cards_FlavorText_50","Almost as good as a fortune cookie... minus the cookie"
"GameData_Cards_FlavorText_44","Hungry, always so very hungry"
"GameData_Cards_FlavorText_59","Standing really still... maybe they won't notice"
"GameData_Cards_FlavorText_3","Thor's best student just got a little angrier..."
"GameData_Cards_FlavorText_4","From mount Zolympus in the sky - fear Ze-might of ZeuZ!"
"GameData_Cards_FlavorText_7","One more step, just one more step!"
"GameData_Cards_FlavorText_138","He just looooves his icy skewer"
"GameData_Cards_FlavorText_26","Being cooped up inside a plastic suit is no fun - now multiple this by 1,000 with all the extra gases, something's gotta give..."
"GameData_Cards_FlavorText_30","How he loves decorating with ice sculptures... Everywhere!"
"GameData_Cards_FlavorText_37","It's ALWAYS a party of three."
"GameData_Cards_FlavorText_64","Red eyes - check! Foam in mouth - check! Shaking - check! Here, take an advil."
"GameData_Cards_FlavorText_74","Need a hand?"
"GameData_Cards_FlavorText_142","RAZENGAAAAAAAA!!!"
"GameData_Cards_FlavorText_81","Come closer... it's never too close"
"GameData_Cards_FlavorText_87","When grabbed - sing: ""let it go, let it go.."""
"GameData_Cards_FlavorText_239","Up, up, and away!"
"GameData_Cards_FlavorText_240","Yells so loud, nobody wants to come near it"
"GameData_Cards_FlavorText_241","Likes to kill-steal"
"GameData_Cards_FlavorText_108","Some just like it hot!"
"GameData_Cards_FlavorText_120","Zeeee... peski littl-- oh its you?!"
"GameData_Cards_FlavorText_242","To dust you shall return!"
"GameData_Cards_FlavorText_6","mmMMWhaaaaat?"
"GameData_Cards_FlavorText_244","What happens when an unstoppable force meets an immovable object?"
"GameData_Cards_FlavorText_246","Ready, get set... Go!"
"GameData_Cards_FlavorText_247","Just as it says on the tin"
"GameData_Cards_FlavorText_248","When you need a little extra firepower"
"GameData_Cards_FlavorText_250","An empty shell of what it was"
"GameData_Cards_FlavorText_251","Make like a tree -- and leave!"
"GameData_Cards_FlavorText_252","If a tree falls in a forest and no one is around to hear it, does it make a sound?"
"GameData_Cards_FlavorText_253","Blub...blub...blub"
"GameData_Cards_FlavorText_254","Occasionally can't tell friend from foe"
"GameData_Cards_FlavorText_255","Can't figure out why it's got no friends"
"GameData_Cards_FlavorText_256","All tidal waves must start from a single drop"
"GameData_Cards_FlavorText_21","BDSM much?!"
"GameData_Cards_FlavorText_132","More, more, MORE GOO! Bring me ALL the GOO"
"GameData_Cards_FlavorText_39","Not suitable for n00bs and lightweights"
"GameData_Cards_FlavorText_136","The cold never bothered him anyway"
"GameData_Cards_FlavorText_49","Maybe the snow does have some magical power?! But not yellow snow..."
"GameData_Cards_FlavorText_65","Ohhh snap!! He got'cha good"
"GameData_Cards_FlavorText_88","Loves skating so so much!"
"GameData_Cards_FlavorText_8","When the mountain comes to you... you'll run!"
"GameData_Cards_FlavorText_9","Eeeeeeva"
"GameData_Cards_FlavorText_18","Cutting through flesh, bone and even steel, it's easy to see why this is a fan-favorite!"
"GameData_Cards_FlavorText_22","Dancing around a fire alone is a hoot, but bringing all your dead friends to join is a party!"
"GameData_Cards_FlavorText_23","All the pretty pretty flowers"
"GameData_Cards_FlavorText_27","Lumbering around in a world made of butter gets old real fast, maybe that's why he's sooo angry!"
"GameData_Cards_FlavorText_29","Most welcomed during hot summer days on the busy city streets."
"GameData_Cards_FlavorText_32","From a young age he just loves to bounce things - especially rocks... on other rocks..."
"GameData_Cards_FlavorText_35","Cooookie... just one more cooookie..."
"GameData_Cards_FlavorText_36","Will break ALL your WALLS!!"
"GameData_Cards_FlavorText_38","Stop, stop, stop, shh-shh, you'll cause a howl"
"GameData_Cards_FlavorText_42","There ain't no party like a Z-Virus party!"
"GameData_Cards_FlavorText_43","In this case, lots of strings attached!!"
"GameData_Cards_FlavorText_45","They are usually such lovely beasts..."
"GameData_Cards_FlavorText_46","Llama in my living room... bam ba balalam babam ba ba..."
"GameData_Cards_FlavorText_47","Nam, naam nam nam namm nam..."
"GameData_Cards_FlavorText_48","So the other day Gargantua asked for a toothpick.. and it needs to be really cold to actually work..."
"GameData_Cards_FlavorText_61","Mmmm, nothing like the smell of fresh cinder and ash in the morning"
"GameData_Cards_FlavorText_70","So much goo, so little space"
"GameData_Cards_FlavorText_75","Fertilizing the flowers on an hourly basis"
"GameData_Cards_FlavorText_85","Bring it, bring It, BRING IT ON!!!"
"GameData_Cards_FlavorText_90","If you can't join them, FREEZE them!"
"GameData_Cards_FlavorText_94","Just be a good sentinel and -"
"GameData_Cards_FlavorText_96","Not your father... hopefully"
"GameData_Cards_FlavorText_97","Shock therapy does work wonders"
"GameData_Cards_FlavorText_103","Angry enough to go though a WALL!"
"GameData_Cards_FlavorText_104","Either super charismatic, or super scary... or both."
"GameData_Cards_FlavorText_117","As if they died again and went to creature heaven"
"GameData_Cards_FlavorText_143","No, no, no no, not a hamster, not a hamster ball...."
"GameData_Cards_FlavorText_145","Try to veer from his major crater issues... it may goo deeeeep"
"GameData_Cards_FlavorText_146","Has a great fascination with church bells..."
"GameData_Cards_FlavorText_148","Can't get enough of that goo, ever"
"GameData_Cards_FlavorText_149","And so he walked the desert for 40 years, only to find he's been walking in circles...."
"GameData_Cards_FlavorText_150","After four steps he gave up on the straight line and started puking"
"GameData_Cards_FlavorText_152","He always loved to tell a goo story"
"GameData_Cards_FlavorText_153","Not in the mood for dancing..."
"GameData_Cards_FlavorText_133","eeeehhehehehe"
"GameData_Cards_FlavorText_128","Smells like goo spirit"
"GameData_Cards_FlavorText_134","He remembers the north"
"GameData_Cards_FlavorText_139","He's been trying to get out for a millennia - thank you global warming!!"
"GameData_Cards_FlavorText_122","Literally a walking museum"
"GameData_Cards_FlavorText_126","Ploop... oh.. there goes another arm..."
"GameData_Cards_FlavorText_91","Levitating - not as easy as you'd think..."
"GameData_Cards_FlavorText_93","Getting jiggy with it"
"GameData_Cards_FlavorText_79","Likes to sprinkle toxic goo on EVERYTHING"
"GameData_Cards_FlavorText_54","Do you want to buy AIR for a penny??"
"GameData_Cards_FlavorText_40","Simple but soooo effective"
"GameData_Cards_FlavorText_41","Captain Zamberica - here we goo!!"
"GameData_Cards_FlavorText_51","Be like the water - only with air"
"GameData_Cards_FlavorText_52","Get back here"
"GameData_Cards_FlavorText_53","There's more where this came from!"
"GameData_Cards_FlavorText_55","A little anti-social... with a dash of anger issues"
"GameData_Cards_FlavorText_56","Always forgets his head... everywhere..."
"GameData_Cards_FlavorText_58","Always use protection"
"GameData_Cards_FlavorText_60","Forecast was clear skies... no one said fireball shower"
"GameData_Cards_FlavorText_66","Don't get him angry, you won't like him when he's angry."
"GameData_Cards_FlavorText_69","Geronimo!"
"GameData_Cards_FlavorText_71","Where have I seen this contraption rising 4 times before?"
"GameData_Cards_FlavorText_72","Mending broken limbs since 1888"
"GameData_Cards_FlavorText_77","His buddy Jack would be proud"
"GameData_Cards_FlavorText_80","A beton nya mombay m'bwa!"
"GameData_Cards_FlavorText_83","The best survival tactic: ""never give up"""
"GameData_Cards_FlavorText_144","Hard to save every drop with all the spillage"
"GameData_Cards_FlavorText_89","Hates pointing things out..."
"GameData_Cards_FlavorText_102","Saturday... again?! 
This cycle is getting on my nerves"
"GameData_Cards_FlavorText_109","Always dreamed of being Superman..."
"GameData_Cards_FlavorText_110","Let's huddle up and do a howl"
"GameData_Cards_FlavorText_111","Loves to make it rain... RAIN of FIRE!"
"GameData_Cards_FlavorText_112","Bringing out the pyro-enthusiast in all of us"
"GameData_Cards_FlavorText_124","You reap what you sow"
"GameData_Cards_FlavorText_125","If you plant it they will come... with a bang"
"GameData_Cards_FlavorText_129","What a dragggg..."
"GameData_Cards_FlavorText_130","Wants to share his LOVE with everyone - free hugs?!?"
"GameData_Cards_FlavorText_131","Needs to flee from his fans, as they want his delicious insides"
"GameData_Cards_FlavorText_135","ERR, never really be satisfied..."
"GameData_Cards_FlavorText_140","Can never have enough goo... here take a sip"
"GameData_Cards_FlavorText_137","Hey gang, watch how I mow these chumps!"
"GameData_Cards_FlavorText_100","This will BE, the preetiest castle in all the land!"
"GameData_Cards_FlavorText_84","Spreading goo to a faucet near you"
"GameData_Cards_FlavorText_63","Is it a vision of the future or another dimension? Who knows?!"
"GameData_Cards_FlavorText_147","JuuuZZZt WaNt a LiTtlE hUgGG..."
"GameData_Cards_FlavorText_95","Not even close to Texas anymore"
"GameData_Cards_FlavorText_92","Booked until next year in haunted houses everywhere"
"GameData_Cards_FlavorText_20","Some like to grow flowers, others grow hallucinogenic poison mushrooms..."
"GameData_Cards_FlavorText_78","Make it R-A-A-I-N-Z!!!"
"GameData_Cards_FlavorText_99","Thatta boy!"
"GameData_Cards_FlavorText_107","Having a pyromaniac on the battlefield does come in handy"
"GameData_Cards_FlavorText_86","The undefeated spitting world champion, can hit a squirrel from 100ft"
"GameData_Cards_FlavorText_114","It can handle both plants and creatures... wait what?"
"GameData_Cards_FlavorText_243","Finds pieces of itself all over the battlefield"
"GameData_Cards_FlavorText_257","Its name is a paradox"
"GameData_Cards_Description_2","<b>エントリー:</b> １つのクリーチャーを持ち主の手札に戻す。"
"GameData_Cards_Description_5","<b>エントリー:</b> 味方のクリーチャーに守備+2を与える。"
"GameData_Cards_Description_19","<b>エントリー:</b> プレイにこのカードのコピーを投入する。"
"GameData_Cards_Description_33","<b>エントリー:</b> ランダムな敵のクリーチャー１つをコントロールする。"
"GameData_Cards_Description_34","<b>エントリー:</b> 自分の手札のうちランダムな１枚のコストを１減らす。"
"GameData_Cards_Description_62","<b>エントリー:</b> 味方のクリーチャーに攻撃+2を与える。"
"GameData_Cards_Description_82","<b>フェラル</b>, <b>デストロイ</b>"
"GameData_Cards_Description_105","<b>フェラル</b>"
"GameData_Cards_Description_106","<b>フェラル</b>"
"GameData_Cards_Description_113","<b>エントリー:</b> 敵のクリーチャー全てをフリーズする。"
"GameData_Cards_Description_118","敵のクリーチャーをコントロールする。"
"GameData_Cards_Description_119","プレイ中の全クリーチャーを破壊する。"
"GameData_Cards_Description_121","<b>エントリー:</b> プレイにこのカードのコピーを投入する。"
"GameData_Cards_Description_127","<b>エントリー:</b> gooボトル１つを失う。"
"GameData_Cards_Description_141","<b>エントリー:</b> 全クリーチャーを持ち主の元に戻す。"
"GameData_Cards_Description_151","<b>エントリー:</b> gooボトル２つを失う。"
"GameData_Cards_Description_115","<b>選択:</b> ３ダメージを与えるか、守備を+3回復する。"
"GameData_Cards_Description_249","敵に６ダメージを与える"
"GameData_Cards_Description_154","敵の全クリーチャーに２ダメージを与える。"
"GameData_Cards_Description_57","<b>ヘビー、デス:</b> カードを引く"
"GameData_Cards_Description_76","<b>デス:</b> あなたのデッキにこのカードを混ぜる。"
"GameData_Cards_Description_68","カードを引く."
"GameData_Cards_Description_12","<b>エントリー:</b> 敵に4ダメージを与える。"
"GameData_Cards_Description_13","<b>エントリー:</b> 敵に8ダメージを与える。"
"GameData_Cards_Description_14","<b>フラッシュ</b>"
"GameData_Cards_Description_15","１つのクリーチャーに守備+4を与える。"
"GameData_Cards_Description_16","１つのクリーチャーとその両隣のクリーチャーに５ダメージを与える。"
"GameData_Cards_Description_17","空のgooボトル２つをゲットする。"
"GameData_Cards_Description_67","<b>エントリー:</b> 味方のクリーチャーに攻撃+5を与える。"
"GameData_Cards_Description_25","<b>エントリー:</b> あなたのチャンピオンに3ダメージを与える。"
"GameData_Cards_Description_28","攻撃対象のクリーチャーたちをフリーズさせる。"
"GameData_Cards_Description_98","<b>ヘビー</b>"
"GameData_Cards_Description_31","<b>エントリー:</b> 敵の全クリーチャーに5ダメージを与える。"
"GameData_Cards_Description_116","１つのクリーチャーに <b>スイング</b>を与える。"
"GameData_Cards_Description_50","<b>デス:</b> プレイに出ている味方のクリーチャーの数と同じ枚数カードを引く。"
"GameData_Cards_Description_44","プレイに出ている間、味方の全クリーチャーは攻撃+1を獲得する。"
"GameData_Cards_Description_59","プレイに出ている間、これを攻撃してくるクリーチャーたちにダメージ２を与える。"
"GameData_Cards_Description_3","<b>デス:</b> 両プレイヤーはカードを２枚引く。"
"GameData_Cards_Description_4","<b>エンド:</b> 敵の全クリーチャーに２ダメージを与える。"
"GameData_Cards_Description_7","<b>エントリー:</b> １つのクリーチャーに <b>ヘビー</b>を与える。"
"GameData_Cards_Description_138","<b>Entry:</b> これよりも高コストな敵のクリーチャー１つを破壊する。"
"GameData_Cards_Description_26","<b>エントリー:</b> 味方のクリーチャーに <b>デストロイ</b>を与える。"
"GameData_Cards_Description_30","<b>エントリー:</b> 敵のクリーチャー１つとその両隣のクリーチャーを<b>フリーズ</b>する。"
"GameData_Cards_Description_37","<b>スイング</b>"
"GameData_Cards_Description_64","<b>エントリー:</b> 他の全クリーチャーに１ダメージを与える。"
"GameData_Cards_Description_74","<b>エントリー:</b> 味方のクリーチャーに攻撃+3/守備+3を与える。"
"GameData_Cards_Description_142","<b>エントリー:</b> そのターンでgooボトル１つをゲットする。"
"GameData_Cards_Description_81","<b>デストロイ</b> プレイに出ている間、あなたのクリーチャーたちのコストが+2になる。"
"GameData_Cards_Description_239","<b>エントリー:</b> カードを１枚引く。"
"GameData_Cards_Description_240","<b>ガード</b>"
"GameData_Cards_Description_241","<b>エントリー:</b> 敵のヘビークリーチャー１つをディストラクトする。"
"GameData_Cards_Description_108","<b>エンド:</b> 敵のクリーチャー１つにランダムに２ダメージを与える。"
"GameData_Cards_Description_120","<b>エントリー:</b> １つのクリーチャーに攻撃+1/守備+1を与える。"
"GameData_Cards_Description_242","<b>ヘビー</b>"
"GameData_Cards_Description_6","<b>ヘビー、レイジ:</b> カードを１枚引く。"
"GameData_Cards_Description_244","<b>ヘビー</b>"
"GameData_Cards_Description_246","<b>フェラル</b>"
"GameData_Cards_Description_248","１つのクリーチャーに10ダメージを与える。"
"GameData_Cards_Description_250","<b>リアニメイト</b>"
"GameData_Cards_Description_251","<b>リアニメイト</b>"
"GameData_Cards_Description_253","<b>デストロイ</b>"
"GameData_Cards_Description_254","<b>デス:</b> あなたのチャンピンに５ダメージを与える。"
"GameData_Cards_Description_255","<b>ガード、デストロイ</b>"
"GameData_Cards_Description_256","<b>エントリー:</b> １つのクリーチャーをフリーズする。"
"GameData_Cards_Description_21","プレイに出ている間、味方の全クリーチャーに守備+2を与える。"
"GameData_Cards_Description_132","<b>エントリー:</b> １つのクリーチャーに攻撃+6/守備-1を与える。"
"GameData_Cards_Description_39","１つのクリーチャーをランダムに破壊する。"
"GameData_Cards_Description_136","<b>エントリー:</b> 味方のクリーチャーに攻撃+3/守備+2を与える。"
"GameData_Cards_Description_49","<b>ヘビー</b>, 攻撃対象のクリーチャーたちをフリーズさせる。"
"GameData_Cards_Description_65","<b>エントリー:</b> 敵に1ダメージを与える。"
"GameData_Cards_Description_88","<b>エントリー:</b> 敵のクリーチャー１つをディストラクトする。"
"GameData_Cards_Description_8","プレイに出ている間、どのような場合においても最大２ダメージしか受けない。"
"GameData_Cards_Description_9","<b>エントリー:</b> 両隣のクリーチャーに攻撃+1/守備+2および<b>ヘビー</b>を与える。"
"GameData_Cards_Description_18","１つのクリーチャーに攻撃+7/守備-7を与える。"
"GameData_Cards_Description_22","<b>エンド:</b> 味方の全クリーチャーに守備値を２回復させる。。"
"GameData_Cards_Description_23","<b>リアニメイト</b>"
"GameData_Cards_Description_27","<b>エントリー:</b> 他の全クリーチャーを破壊する。"
"GameData_Cards_Description_29","<b>エントリー:</b> あなたの守備値が25以下であれば、敵のクリーチャーかチャンピオンの１つに4ダメージを与える。"
"GameData_Cards_Description_32","<b>エントリー:</b> 同族のクリーチャーに <b>ガード</b>を与える。"
"GameData_Cards_Description_35","<b>ヘビー、エンド:</b> 守備値+2。"
"GameData_Cards_Description_36","<b>エントリー:</b> 敵のクリーチャーに <b>ヘビー</b>を与える。"
"GameData_Cards_Description_38","<b>エントリー:</b> 味方のクリーチャーに <b>フェラル</b>を与える。"
"GameData_Cards_Description_42","プレイに出ている間、Z-Virus以外の両隣のクリーチャーに攻撃値と守備値を獲得する。"
"GameData_Cards_Description_43","<b>デス:</b> あなたが捨てたカードの中から、ランダムな３つのクリーチャーをプレイに投入する。"
"GameData_Cards_Description_45","<b>エントリー:</b> ランダムなコスト2のクリーチャー１つをプレイに投入する。"
"GameData_Cards_Description_46","<b>エンド:</b> あなたのチャンピオンにダメージ１を与える。"
"GameData_Cards_Description_47","<b>エントリー:</b> 味方の全クリーチャーを破壊する。"
"GameData_Cards_Description_48","<b>エントリー:</b> <b>フリーズ</b>された敵のクリーチャー１つを破壊する。"
"GameData_Cards_Description_61","<b>エントリー:</b> あなたのチャンピオンの守備値が10以下であれば、守備+2を与える。"
"GameData_Cards_Description_70","空のgooボトル１つをゲットする。"
"GameData_Cards_Description_75","<b>エントリー:</b> プレイに出ている敵のクリーチャーの数だけカードを引く。"
"GameData_Cards_Description_85","</b>デス:</b> このクリーチャーの攻撃値と同じだけのダメージを全員に与える。"
"GameData_Cards_Description_90","<b>エントリー:</b> 敵の全クリーチャーをフリーズする。"
"GameData_Cards_Description_94","<b>エントリー:</b> 両隣のクリーチャーは<b>ガード</b>を獲得する。"
"GameData_Cards_Description_96","<b>エントリー:</b> 敵のデッキからカードを１枚引く。"
"GameData_Cards_Description_97","これが手札にある間、ターンが終わるたびにこのコストは１ずつ減る。"
"GameData_Cards_Description_103","<b>レイジ:</b> 攻撃値+3。"
"GameData_Cards_Description_104","<b>エントリー:</b> 味方の全クリーチャーに <b>ヘビー</b>を与える。"
"GameData_Cards_Description_117","そのターンにおいて、敵の全クリーチャーの攻撃値を１に変更する。"
"GameData_Cards_Description_143","<b>ガード</b>"
"GameData_Cards_Description_145","<b>エントリー:</b> これがプレイに出ているあなたの唯一のクリーチャーであれば、空のgooボトルを１つ獲得する。"
"GameData_Cards_Description_146","<b>エントリー:</b> 敵の守備値が30以下であれば、空のgooボトル１つを獲得する。"
"GameData_Cards_Description_148","<b>デス:</b> そのターンでgooボトル１つを獲得する。"
"GameData_Cards_Description_149","<b>エントリー:</b> そのターンでgooボトル２つをゲットする。"
"GameData_Cards_Description_150","プレイに出ている間、あなたがまだ使っていないGooと同じ数だけ攻撃値と守備値を獲得する。"
"GameData_Cards_Description_152","<b>エントリー:</b> 敵よりもあなたの守備値が少なければ、gooボトル１つをゲットする。"
"GameData_Cards_Description_153","<b>エントリー:</b> プレイに出ているあなたのクリーチャーの数が敵よりも少なければ、空のgooボトルを１つ獲得する。"
"GameData_Cards_Description_133","<b>エントリー:</b> 味方のクリーチャーに攻撃+1/守備+2を与える。"
"GameData_Cards_Description_128","<b>デス:</b> gooボトル１つを失う。"
"GameData_Cards_Description_134","<b>エントリー:</b> プレイに出ている敵のクリーチャー全てに守備+2を与える。"
"GameData_Cards_Description_122","<b>エントリー:</b> 両プレイヤーは空のgooボトル１つを獲得する。"
"GameData_Cards_Description_126","<b>エントリー:</b> １つのクリーチャーに攻撃+2/守備-1を与える"
"GameData_Cards_Description_93","<b>エントリー:</b> プレイに出ている味方のクリーチャー全てに攻撃+1を与える。"
"GameData_Cards_Description_79","<b>エントリー:</b> 手札からランダムな１枚を捨てる。"
"GameData_Cards_Description_54","プレイに出ている間、あなたの手札にある全クリーチャーのコストを１減らす。"
"GameData_Cards_Description_40","１つのクリーチャーをディストラクトし、それに攻撃+3/守備-3を与える。"
"GameData_Cards_Description_41","次のあなたのターンが始まるまで、クリーチャーはダメージを受けることはない。"
"GameData_Cards_Description_51","<b>エントリー:</b> あなたの手札にあるランダムなクリーチャーに攻撃+2/守備+1を与える。"
"GameData_Cards_Description_52","<b>フェラル</b>, まずはヘビークリーチャーから攻撃を始める必要はない。"
"GameData_Cards_Description_53","<b>エントリー:</b> 両プレイヤーはカードを１枚引く。"
"GameData_Cards_Description_55","これが手札にある間、プレイに出ている味方のクリーチャーの数だけこのカードのコストが少なくなる。"
"GameData_Cards_Description_56","<b>レイジ:</b> 敵のチャンピオンにダメージ２を与える。"
"GameData_Cards_Description_58","<b>エントリー:</b> 味方のクリーチャーに守備+4を与える。"
"GameData_Cards_Description_60","<b>ヘビー、レイジ:</b> 攻撃値+2。"
"GameData_Cards_Description_66","<b>エントリー:</b> そのターンで味方のクリーチャーたちに攻撃+2を与える。"
"GameData_Cards_Description_69","各プレイヤーが、自分のデッキからランダムなクリーチャー１つをプレイに投入する。"
"GameData_Cards_Description_71","この対戦であなたが出したアイテムカードと同じ数だけのダメージを与える。"
"GameData_Cards_Description_72","味方の全クリーチャーに守備値４を回復させる。"
"GameData_Cards_Description_77","<b>デス:</b> ランダムなコスト4のクリーチャー１つをプレイに投入する。"
"GameData_Cards_Description_80","<b>エントリー:</b> 両プレイヤーはカードを１枚引く。"
"GameData_Cards_Description_83","<b>デス:</b> このカードをあなたの手札へ戻し、コストは+1となる。"
"GameData_Cards_Description_144","<b>デス:</b> 空のgooボトル１つを獲得する。"
"GameData_Cards_Description_89","<b>エントリー:</b> これがプレイに出ているあなたの唯一のクリーチャーであれば、<b>ヘビー/b>とガードを獲得する。"
"GameData_Cards_Description_102","<b>エントリー:</b> これがプレイに出ているあなたの唯一のクリーチャーであれば、<b>ヘビー/b>を獲得する。"
"GameData_Cards_Description_109","<b>レイジ:</b> ランダムな敵のクリーチャーかチャンピオンの１つにダメージ５を与える。"
"GameData_Cards_Description_110","プレイに出ている間、あなたのクリーチャーたちは<b>フェラル</b>を獲得する。"
"GameData_Cards_Description_111","<b>攻撃不可、ターン:</b> ランダムな敵のチャンピオンかクリーチャーのうち１つにダメージ７を与える。"
"GameData_Cards_Description_112","１つのクリーチャーを破壊する。"
"GameData_Cards_Description_124","<b>エントリー:</b> 味方のクリーチャーに </b>リアニメイト</b>を与える。"
"GameData_Cards_Description_125","<b>デス:</b> あなたの手札にある中で最も高コストな２つのクリーチャーをプレイに投入する。"
"GameData_Cards_Description_129","<b>デストロイ</b>"
"GameData_Cards_Description_130","<b>エントリー:</b>あなたのチャンピオンにダメージ４を与え、空のgooボトル１つを獲得する。"
"GameData_Cards_Description_131","<b>エントリー:</b> １つのクリーチャーに攻撃+4/守備-2を与える。"
"GameData_Cards_Description_135","<b>エントリー:</b> 敵よりもあなたの守備値が少なければ、フリーズされている味方２つをプレイに出す。"
"GameData_Cards_Description_140","プレイに出ている間、gooボトル１つが追加される。"
"GameData_Cards_Description_137","敵の全クリーチャーに２ダメージを与える。"
"GameData_Cards_Description_100","<b>エンド:</b>守備+1を与える。"
"GameData_Cards_Description_84","<b>アタック:</b> そのターンでgooボトル１つをゲットする。"
"GameData_Cards_Description_63","<b>アタック:</b> カードを１枚引く。"
"GameData_Cards_Description_147","<b>アタック:</b> そのターンでgooボトル１つをゲットする。"
"GameData_Cards_Description_95","これが手札にある間、もしあなたの手札にある唯一のカードであればこのコストは０になる。"
"GameData_Cards_Description_92","<b>エントリー:</b> そのターンで、敵のクリーチャー１つの攻撃値を０にする。"
"GameData_Cards_Description_20","<b>デス:</b> ランダムなコスト1のクリーチャーたちで、あなたのプレイボードをいっぱいにする。"
"GameData_Cards_Description_78","<b>デス:</b> あなたのチャンピンに守備値を８回復させる。"
"GameData_Cards_Description_99","<b>アタック:</b>守備+2を与える。"
"GameData_Cards_Description_107","プレイに出ている間、両隣のクリーチャーは攻撃+2を獲得する。"
"GameData_Cards_Description_86","<b>エントリー:</b> プレイに出ている敵のクリーチャー全てに攻撃値１を与える。"
"GameData_Cards_Description_114","敵の全クリーチャーに２ダメージを与えてディストラクトする。"
"GameData_Cards_Description_243","敵のターンで、攻撃値+2となる。"
"GameData_Cards_Description_257","<b>エントリー:</b> <b>フリーズ</b>された全クリーチャーを破壊する。"
"GameData_InGameTutorial_0","エントリーアビリティは、カードが出されたときに作用します。"
"GameData_InGameTutorial_1","ターンアビリティは、ターン開始時に作用します。"
"GameData_InGameTutorial_2","エンドアビリティは、ターン終了時に作用します。"
"GameData_InGameTutorial_3","アタックアビリティは、クリーチャーが戦う時に作用します。"
"GameData_InGameTutorial_4","デスアビリティは、クリーチャーの守備値が０の時に発動します。"
"GameData_InGameTutorial_5","ディレイアビリティは、特定のターン数の後に作用します。"
"GameData_InGameTutorial_6","フリーズされたクリーチャーは次のターンで攻撃できません。"
"GameData_InGameTutorial_7","リアニメイトされたクリーチャーは、１度死んだ後に再び現れてきます。"
"GameData_InGameTutorial_8","相手はまずはヘビークリーチャーから攻撃しなくてはなりません。"
"GameData_InGameTutorial_9","フェラルクリーチャーは、それが出されたのと同じターンで攻撃することができます。"
"GameData_InGameTutorial_10","ツールチップ解説"
"GameData_InGameTutorial_11","ツールチップ解説"
"GameData_InGameTutorial_12","ツールチップ解説"
"GameData_InGameTutorial_13","デストロイエフェクトは、一撃で相手を殺せるスキルです。"
"GameData_InGameTutorial_14","レイジは、そのクリーチャーが最初にダメージを受けた時に攻撃値を増やします。"
"GameData_InGameTutorial_15","フラッシュは、そのクリーチャーが２回攻撃できるようにします。"
"GameData_InGameTutorial_16","ガードは、そのクリーチャーをダメージやデストロイから1度守ります。"
"GameData_Tutorial_0_Tooltip_0","敵のチャンピオンの守備値"
"GameData_Tutorial_0_Tooltip_1","あなたのチャンピオンの守備値"
"GameData_Tutorial_0_Tooltip_2","守備値: どのくらいのダメージをこのクリーチャーが受けられるか"
"GameData_Tutorial_0_Tooltip_3","攻撃値: どのくらいのダメージをこのクリーチャーが与えることができるか"
"GameData_Tutorial_0_Tooltip_4","カウンターアタックによりGloopの守備値が減りました。"
"GameData_Tutorial_1_Tooltip_0","カードを上にドラッグしてデッキに追加しましょう。"
"GameData_Tutorial_1_Tooltip_1","カードをダブルタップしてデッキから削除しましょう。"
"GameData_Tutorial_1_Tooltip_2","カードをダブルタップしてデッキに追加することもできます。"
"GameData_Tutorial_1_Tooltip_3","さあ、バトルの時間です！"
"GameData_Tutorial_1_Tooltip_4","後ほどこのテキストを選択して、デッキの名前を変更することができます。"
"GameData_Tutorial_1_Tooltip_5","今は矢印をクリックして、カードを見ながらデッキを組み立ててみましょう。"
"GameData_Tutorial_1_Tooltip_6","まずは新しいカードを開けてみませんか？"
"GameData_Tutorial_1_Tooltip_7","パックを開封しましょう。"
"GameData_Tutorial_2_Tooltip_0","フェラルクリーチャーは、それが出されたのと同じターンで攻撃することができます。"
"GameData_Tutorial_2_Tooltip_1","これはあなたのカードに必要なgooです。"
"GameData_Tutorial_2_Tooltip_2","gooボトルを獲得しました。"
"GameData_Tutorial_2_Tooltip_3","gooボトルを１つ獲得し、すでに使ってしまったgooが補充されました。"
"GameData_Tutorial_2_Tooltip_4","エントリーエフェクトは、アイテムカードのようにあなたがカードを出した時に発動します。"
"GameData_Tutorial_2_Tooltip_5","相手はまずはヘビークリーチャーから攻撃しなくてはなりません。"
"GameData_Tutorial_2_Tooltip_6","チャンピオンは、クールダウン中に使えるユニークなアビリティを持っています。"
"GameData_Tutorial_3_Tooltip_0","まずは新しいカードをチェックしましょう。"
"GameData_Tutorial_4_Tooltip_0","あなたが先攻です。"
"GameData_Tutorial_4_Tooltip_1","これがあなたの最初の手札です。置き換えたいカードを上にドラッグして、キープボタンを押してください。"
"GameData_Tutorial_4_Tooltip_2","勝つべきバトルがまだあります。"
"GameData_Tutorial_0_TutorialStep_0_AvatarDescription","ようこそ！\n\n初めてプレイするあなたのために、要領をつかむまで私のデッキをお貸ししましょう。"
"GameData_Tutorial_0_TutorialStep_1_AvatarDescription","勝利するには敵のチャンピオンを破壊しよう！"
"GameData_Tutorial_0_TutorialStep_28_AvatarDescription","ナイス！ \n初戦に勝利！"
"GameData_Tutorial_2_TutorialStep_0_AvatarDescription","これらのクリーチャーは単なる肉体ではなく、アビリティを持っています。\n\nその使い方を学んでみましょう。"
"GameData_Tutorial_4_TutorialStep_0_AvatarDescription","今回は全てあなた次第です...\n\n学んだことの全てを使って、私を満足させてみましょう！"
"GameData_Tutorial_4_TutorialStep_7_AvatarDescription","私があなたに教えられることはもうありません。おめでとう！\n\n今度はPvPモードで他のプレイヤーに挑戦して、オンラインでスキルを磨くことができます。"
"GameData_Tutorial_0_TutorialStep_0_TooltipCloseText","了解！"
"GameData_Tutorial_0_TutorialStep_1_TooltipCloseText","さあ始めよう！"
"GameData_Tutorial_0_TutorialStep_28_TooltipCloseText","了解！"
"GameData_Tutorial_2_TutorialStep_0_TooltipCloseText","さあ始めよう！"
"GameData_Tutorial_4_TutorialStep_0_TooltipCloseText","バトル！"
"GameData_Tutorial_4_TutorialStep_7_TooltipCloseText","続ける"
"GameData_Tutorial_0_TutorialStep_2_ChampionSayTooltip_0","さあ！"
"GameData_Tutorial_0_TutorialStep_3_ChampionSayTooltip_0","灰になるまで燃やしてやる！"
"GameData_Tutorial_0_TutorialStep_8_ChampionSayTooltip_0","このゲームは２人でプレイ可能だ。"
"GameData_Tutorial_0_TutorialStep_9_ChampionSayTooltip_0","俺のクリーチャーはまだ攻撃できないから、今はここまでだ。"
"GameData_Tutorial_0_TutorialStep_11_ChampionSayTooltip_0","岩のスラブにしては悪くないな。"
"GameData_Tutorial_0_TutorialStep_12_ChampionSayTooltip_0","このクリーチャーを攻撃するぞ！"
"GameData_Tutorial_0_TutorialStep_14_ChampionSayTooltip_0","これで終わりだ。次に進むぞ、いいな？"
"GameData_Tutorial_0_TutorialStep_16_ChampionSayTooltip_0","なんて厄介なんだ。"
"GameData_Tutorial_0_TutorialStep_17_ChampionSayTooltip_0","奴を灰にするのだ！"
"GameData_Tutorial_0_TutorialStep_24_ChampionSayTooltip_0","このゲームは２人でプレイ可能だ。"
"GameData_Tutorial_2_TutorialStep_1_ChampionSayTooltip_0","粉々にしてやる！"
"GameData_Tutorial_2_TutorialStep_2_ChampionSayTooltip_0","お前を先に倒せなければな！"
"GameData_Tutorial_2_TutorialStep_5_ChampionSayTooltip_0","鬱陶しいフェラルクリーチャーだ！"
"GameData_Tutorial_2_TutorialStep_8_ChampionSayTooltip_0","これで終わりだ、次に進むぞ！"
"GameData_Tutorial_2_TutorialStep_9_ChampionSayTooltip_0","俺に触れることはもうできない。"
"GameData_Tutorial_2_TutorialStep_11_ChampionSayTooltip_0","まずはフェラルを出してみよう！"
"GameData_Tutorial_2_TutorialStep_21_ChampionSayTooltip_0","この火の玉で奴をくたばらせるのだ。"
"GameData_Tutorial_2_TutorialStep_22_ChampionSayTooltip_0","仕留めたぞ！"
"ConnectionPopup_Label_Body","サーバーへの接続が中断されました。再接続しています..."
"InputOTP_Label_Header","認証コードを入力して下さい。"
"InputOTP_Label_Body","認証コードをこのアカウントと紐づけられた電話番号へ送信しました。"
"InputOTP_Label_OTP","認証コード"
"InputOTP_Placeholder_OTP","認証コード..."
"Common_Button_Cancel","キャンセル"
"Common_Button_Send","送信"
"MyDecks_Editing_Button_Auto","自動生成"
"MyDecks_Editing_PlaceHolder_Search","検索"
"MyDecks_Editing_Label_Element","エレメント"
"MyDecks_Editing_Label_GooCost","GOOコスト"
"MyDecks_Editing_Label_Rarity","レア度"
"MyDecks_Editing_Button_ViewDeck","デッキを見る"
"MyDecks_Editing_Button_SaveDeck","保存"
"ViewDeck_Label_Abilities","アビリティ"
"ViewDeck_Button_Change","変更"
"ConnectionPopup_Label_Connecting","データの検証と取得を行なっています..."
"ConnectionPopup_Label_Failed","バックエンドへの接続に失敗しました。インターネット接続を確認のうえ、後ほど再試行してください。"
"ConnectionPopup_Label_Reconnecting","サーバーへの接続が中断されました。再接続しています..."
"ConnectionPopup_Label_Matchmaking","対戦相手を見つけています..."
"Common_Button_Close","閉じる"
"Common_Button_Quit","ゲームを終了"
"Common_Button_Retry","再びトライ"
"Common_Button_Continue","続ける"
"InternetConnectionPopup_Label_Body","インターネット接続が必要です。接続を確認のうえ、もう一度お試しください。"
"LevelUp_Label_NoReward","このチャンピオンに有効な全リワードが揃いました！"
"LevelUp_Label_NextLevelReward","レベル{NextLevelReward}で次のリワードをゲットしよう！"
"SelectChampionPopup_Label_Header","チャンピオンを選択"
"SelectChampionPopup_Label_WeakAgainst","弱点グループは"
"SelectChampionAbilityPopup_Label_Header","チャンピオンのアビリティを選択"
"SelectChampionAbilityPopup_Label_SelectedAmount","<color=#FFFF00>{SELECTED_AMOUNT}/{TOTAL_AMOUNT}</color> のアビリティを選択済み"
