"Key","Value"
"AbilityBar_Label_Body","アビリティを解放"
"RenamePopup_Label_Head","デッキ名を変更"
"RenamePopup_Label_Body","デッキに名前をつける"
"RenamePopup_Placeholder_DeckName","デッキ名"
"Warning_FilterCard_NoGooCost","最低１つオプションを選択してください。"
"Warning_FilterCard_NoElement","最低１つオプションを選択してください。"
"Warning_FilterCard_NoRank","最低１つオプションを選択してください。"
"Warning_Shop_ExistingPurchasePending","この商品購入はすでに処理中です。もう一度お試しください。"
"Warning_Shop_PaymentDeclined","支払いが拒否されました。"
"Warning_Shop_PurchasingUnavailable","購入できません。\n\n有効なアカウントを使用していることと、あなたのデバイスで購入が許可されていることを確認してください。"
"Warning_Gameplay_ClosingGame","対戦を中断してゲームを終了する..."
"Warning_MatchMaker_Error_FindMatch","マッチング中にエラーが発生しました。"
"Warning_MatchMaker_Error_CancelingFindMatch","キャンセル中にエラーが発生しました。"
"Warning_Tutorial_Error_DeleteDeck","デッキ{DECK_ID}を削除できません。"
"Confirm_PlayAgain_Available","さらにPvPゲームをプレイしますか？"
